sample,elapsed_s,system_unix,rtc_unix,drift_s
0,60.0,1782199056.0751,1782199056.0,0.07511
1,120.0,1782199116.0717,1782199116.0,0.07173
2,180.0,1782199176.0769,1782199176.0,0.076888
3,240.01,1782199236.0784,1782199236.0,0.078357
4,300.01,1782199296.0793,1782199296.0,0.079267
5,360.01,1782199356.0808,1782199356.0,0.080779
6,420.01,1782199416.0812,1782199416.0,0.081185
7,479.92,1782199475.9966,1782199476.0,-0.0034
8,539.92,1782199535.9979,1782199536.0,-0.002122
9,599.93,1782199595.9983,1782199596.0,-0.001652
10,659.93,1782199655.999,1782199656.0,-0.001018
11,719.93,1782199716.0003,1782199716.0,0.000305
12,779.93,1782199776.0023,1782199776.0,0.002336
13,839.93,1782199836.0034,1782199836.0,0.003445
14,899.93,1782199896.0037,1782199896.0,0.003727
15,959.93,1782199956.005,1782199956.0,0.005032
16,1019.93,1782200016.0074,1782200016.0,0.007424
17,1079.93,1782200076.0076,1782200076.0,0.007574
18,1139.92,1782200135.9959,1782200136.0,-0.004076
19,1199.93,1782200195.9986,1782200196.0,-0.001403
20,1259.93,1782200255.9993,1782200256.0,-0.000695
21,1319.93,1782200316.0001,1782200316.0,7.6e-05
22,1379.93,1782200376.0016,1782200376.0,0.001594
23,1439.93,1782200436.0038,1782200436.0,0.00377
24,1499.93,1782200496.0047,1782200496.0,0.004731
25,1559.93,1782200556.0062,1782200556.0,0.006248
26,1619.93,1782200616.0078,1782200616.0,0.007765
27,1679.93,1782200676.0082,1782200676.0,0.008248
28,1739.94,1782200736.0091,1782200736.0,0.009071
29,1799.92,1782200795.9959,1782200796.0,-0.004077
30,1859.92,1782200855.9975,1782200856.0,-0.002507
31,1919.93,1782200915.999,1782200916.0,-0.001021
32,1979.93,1782200976.0016,1782200976.0,0.001594
33,2039.93,1782201036.0021,1782201036.0,0.002059
34,2099.93,1782201096.0037,1782201096.0,0.003676
35,2159.93,1782201156.0047,1782201156.0,0.004719
36,2219.93,1782201216.0071,1782201216.0,0.007102
37,2279.93,1782201276.0082,1782201276.0,0.008188
38,2339.94,1782201336.0097,1782201336.0,0.009673
39,2399.94,1782201396.0112,1782201396.0,0.011194
40,2459.92,1782201455.997,1782201456.0,-0.002969
41,2519.92,1782201515.9948,1782201516.0,-0.005246
42,2579.93,1782201575.9986,1782201576.0,-0.001392
43,2639.93,1782201636.0006,1782201636.0,0.000621
44,2699.93,1782201696.0016,1782201696.0,0.001563
45,2759.93,1782201756.0037,1782201756.0,0.003733
46,2819.93,1782201816.0051,1782201816.0,0.00511
47,2879.93,1782201876.0062,1782201876.0,0.006223
48,2939.93,1782201936.0066,1782201936.0,0.006643
49,2999.94,1782201996.0092,1782201996.0,0.009181
50,3059.94,1782202056.0097,1782202056.0,0.009674
51,3119.92,1782202115.997,1782202116.0,-0.00301
52,3179.92,1782202175.9975,1782202176.0,-0.002455
53,3239.93,1782202235.9987,1782202236.0,-0.001325
54,3299.93,1782202296.0006,1782202296.0,0.000631
55,3359.93,1782202356.0017,1782202356.0,0.001671
56,3419.93,1782202416.0036,1782202416.0,0.003621
57,3479.93,1782202476.0047,1782202476.0,0.004693
58,3539.93,1782202536.0053,1782202536.0,0.005253
59,3599.93,1782202596.0067,1782202596.0,0.00673
60,3659.93,1782202656.0083,1782202656.0,0.008279
61,3719.94,1782202716.0092,1782202716.0,0.009225
62,3779.92,1782202775.9962,1782202776.0,-0.003829
63,3839.92,1782202835.9978,1782202836.0,-0.002245
64,3899.93,1782202895.9993,1782202896.0,-0.000691
65,3959.93,1782202956.0007,1782202956.0,0.000662
66,4019.93,1782203016.0016,1782203016.0,0.001644
67,4079.93,1782203076.0041,1782203076.0,0.004055
68,4139.93,1782203136.0051,1782203136.0,0.005085
69,4199.93,1782203196.0066,1782203196.0,0.006621
70,4259.93,1782203256.008,1782203256.0,0.008021
71,4319.94,1782203316.0092,1782203316.0,0.009172
72,4379.94,1782203376.0111,1782203376.0,0.011075
73,4439.92,1782203435.9975,1782203436.0,-0.002488
74,4499.93,1782203495.9984,1782203496.0,-0.00158
75,4559.93,1782203555.9994,1782203556.0,-0.000561
76,4619.93,1782203616.0006,1782203616.0,0.00055
77,4679.93,1782203676.0022,1782203676.0,0.002193
78,4739.93,1782203736.0034,1782203736.0,0.003361
79,4799.93,1782203796.0046,1782203796.0,0.004587
80,4859.93,1782203856.0068,1782203856.0,0.00677
81,4919.93,1782203916.0082,1782203916.0,0.008206
82,4979.94,1782203976.0092,1782203976.0,0.009155
83,5039.94,1782204036.0101,1782204036.0,0.01007
84,5099.92,1782204095.9961,1782204096.0,-0.003869
85,5159.92,1782204155.9975,1782204156.0,-0.002491
86,5219.93,1782204215.999,1782204216.0,-0.000961
87,5279.93,1782204276.0016,1782204276.0,0.00159
88,5339.93,1782204336.0031,1782204336.0,0.003082
89,5399.93,1782204396.003,1782204396.0,0.003033
90,5459.93,1782204456.005,1782204456.0,0.004979
91,5519.93,1782204516.006,1782204516.0,0.006
92,5579.93,1782204576.0081,1782204576.0,0.008115
93,5639.94,1782204636.0091,1782204636.0,0.009105
94,5699.94,1782204696.0104,1782204696.0,0.010443
95,5759.92,1782204755.9971,1782204756.0,-0.002909
96,5819.93,1782204815.9991,1782204816.0,-0.000885
97,5879.93,1782204875.9991,1782204876.0,-0.000873
98,5939.93,1782204936.0017,1782204936.0,0.001679
99,5999.93,1782204996.0031,1782204996.0,0.003076
100,6059.93,1782205056.0036,1782205056.0,0.003614
101,6119.93,1782205116.0052,1782205116.0,0.005162
102,6179.93,1782205176.0067,1782205176.0,0.00668
103,6239.94,1782205236.0086,1782205236.0,0.008602
104,6299.94,1782205296.0106,1782205296.0,0.010604
105,6359.94,1782205356.0112,1782205356.0,0.011167
106,6419.92,1782205415.9972,1782205416.0,-0.002835
107,6479.92,1782205475.998,1782205476.0,-0.001986
108,6539.93,1782205536.0002,1782205536.0,0.000174
109,6599.93,1782205596.002,1782205596.0,0.002043
110,6659.93,1782205656.0035,1782205656.0,0.003522
111,6719.93,1782205716.0046,1782205716.0,0.004559
112,6779.93,1782205776.0062,1782205776.0,0.006164
113,6839.93,1782205836.0083,1782205836.0,0.008279
114,6899.94,1782205896.0096,1782205896.0,0.00964
115,6959.94,1782205956.0106,1782205956.0,0.010557
116,7019.94,1782206016.0127,1782206016.0,0.012697
117,7079.92,1782206075.9975,1782206076.0,-0.002451
118,7139.93,1782206135.9991,1782206136.0,-0.000938
119,7199.93,1782206196.0002,1782206196.0,0.000209
120,7259.93,1782206256.0006,1782206256.0,0.000627
121,7319.93,1782206316.0032,1782206316.0,0.003161
122,7379.93,1782206376.0036,1782206376.0,0.003578
123,7439.93,1782206436.0046,1782206436.0,0.004551
124,7499.93,1782206496.0067,1782206496.0,0.006728
125,7559.93,1782206556.0081,1782206556.0,0.008111
126,7619.94,1782206616.0098,1782206616.0,0.009772
127,7679.94,1782206676.0107,1782206676.0,0.01068
128,7739.92,1782206735.9976,1782206736.0,-0.002418
129,7799.93,1782206795.9986,1782206796.0,-0.00141
130,7859.93,1782206855.9991,1782206856.0,-0.000879
131,7919.93,1782206916.0016,1782206916.0,0.001632
132,7979.93,1782206976.0022,1782206976.0,0.002177
133,8039.93,1782207036.0037,1782207036.0,0.003667
134,8099.93,1782207096.0052,1782207096.0,0.00521
135,8159.93,1782207156.006,1782207156.0,0.006038
136,8219.93,1782207216.0077,1782207216.0,0.007688
137,8279.94,1782207276.0084,1782207276.0,0.00836
138,8339.94,1782207336.0107,1782207336.0,0.010655
139,8399.92,1782207395.9973,1782207396.0,-0.002745
140,8459.93,1782207455.9988,1782207456.0,-0.001229
141,8519.93,1782207516.0002,1782207516.0,0.000211
142,8579.93,1782207576.0006,1782207576.0,0.000607
143,8639.93,1782207636.0031,1782207636.0,0.0031
144,8699.93,1782207696.0037,1782207696.0,0.003673
145,8759.93,1782207756.0052,1782207756.0,0.005218
146,8819.93,1782207816.0066,1782207816.0,0.006607
147,8879.93,1782207876.0077,1782207876.0,0.007732
148,8939.94,1782207936.0097,1782207936.0,0.009695
149,8999.94,1782207996.0097,1782207996.0,0.00967
150,9059.92,1782208055.9978,1782208056.0,-0.002203
151,9119.93,1782208115.9984,1782208116.0,-0.001608
152,9179.93,1782208175.999,1782208176.0,-0.000984
153,9239.93,1782208236.0016,1782208236.0,0.001587
154,9299.93,1782208296.0017,1782208296.0,0.001742
155,9359.93,1782208356.0031,1782208356.0,0.00309
156,9419.93,1782208416.0052,1782208416.0,0.005153
157,9479.93,1782208476.0061,1782208476.0,0.006101
158,9539.93,1782208536.0077,1782208536.0,0.007697
159,9599.94,1782208596.0092,1782208596.0,0.009178
160,9659.94,1782208656.0098,1782208656.0,0.009775
161,9719.92,1782208715.9972,1782208716.0,-0.002837
162,9779.93,1782208775.9991,1782208776.0,-0.000901
163,9839.93,1782208836.0002,1782208836.0,0.000195
164,9899.93,1782208896.0006,1782208896.0,0.000624
165,9959.93,1782208956.0022,1782208956.0,0.002207
166,10019.93,1782209016.0036,1782209016.0,0.003623
167,10079.93,1782209076.0047,1782209076.0,0.004724
168,10139.93,1782209136.0067,1782209136.0,0.006666
169,10199.93,1782209196.0082,1782209196.0,0.008213
170,10259.94,1782209256.0092,1782209256.0,0.009224
171,10319.94,1782209316.0102,1782209316.0,0.010219
172,10379.93,1782209376.0008,1782209376.0,0.000817
173,10439.93,1782209436.0022,1782209436.0,0.00219
174,10499.93,1782209496.0037,1782209496.0,0.003666
175,10559.93,1782209556.0046,1782209556.0,0.004628
176,10619.93,1782209616.0063,1782209616.0,0.006322
177,10679.93,1782209676.0078,1782209676.0,0.00781
178,10739.94,1782209736.0099,1782209736.0,0.009883
179,10799.94,1782209796.0108,1782209796.0,0.010794
180,10859.94,1782209856.0126,1782209856.0,0.012648
181,10919.94,1782209916.0127,1782209916.0,0.012657
182,10979.94,1782209976.0142,1782209976.0,0.014208
183,11039.92,1782210035.9971,1782210036.0,-0.002891
184,11099.93,1782210095.9985,1782210096.0,-0.001542
185,11159.93,1782210156.0,1782210156.0,4.5e-05
186,11219.93,1782210216.0021,1782210216.0,0.002133
187,11279.93,1782210276.0031,1782210276.0,0.003113
188,11339.93,1782210336.0035,1782210336.0,0.003521
189,11399.93,1782210396.005,1782210396.0,0.004988
190,11459.93,1782210456.0076,1782210456.0,0.007557
191,11519.94,1782210516.0085,1782210516.0,0.008464
192,11579.94,1782210576.0095,1782210576.0,0.009504
193,11639.92,1782210635.996,1782210636.0,-0.003993
194,11699.92,1782210695.9969,1782210696.0,-0.003088
195,11759.93,1782210755.9995,1782210756.0,-0.000536
196,11819.93,1782210816.0006,1782210816.0,0.000593
197,11879.93,1782210876.0021,1782210876.0,0.002075
198,11939.93,1782210936.0037,1782210936.0,0.003693
199,11999.93,1782210996.0039,1782210996.0,0.003935
200,12059.93,1782211056.0061,1782211056.0,0.006105
201,12119.93,1782211116.0076,1782211116.0,0.007607
202,12179.94,1782211176.009,1782211176.0,0.00895
203,12239.94,1782211236.0106,1782211236.0,0.010629
204,12299.92,1782211295.996,1782211296.0,-0.003991
205,12359.92,1782211355.9971,1782211356.0,-0.002906
206,12419.93,1782211415.9991,1782211416.0,-0.00094
207,12479.93,1782211476.0,1782211476.0,-3e-05
208,12539.93,1782211536.002,1782211536.0,0.002036
209,12599.93,1782211596.0036,1782211596.0,0.003557
210,12659.93,1782211656.005,1782211656.0,0.004987
211,12719.93,1782211716.0061,1782211716.0,0.006127
212,12779.93,1782211776.008,1782211776.0,0.007982
213,12839.94,1782211836.0098,1782211836.0,0.009752
214,12899.94,1782211896.0118,1782211896.0,0.011834
215,12959.92,1782211955.9965,1782211956.0,-0.003529
216,13019.92,1782212015.997,1782212016.0,-0.002991
217,13079.93,1782212075.9991,1782212076.0,-0.000939
218,13139.93,1782212136.0006,1782212136.0,0.000586
219,13199.93,1782212196.0021,1782212196.0,0.002051
220,13259.93,1782212256.0036,1782212256.0,0.003608
221,13319.93,1782212316.0047,1782212316.0,0.004665
222,13379.93,1782212376.007,1782212376.0,0.006974
223,13439.93,1782212436.008,1782212436.0,0.008031
224,13499.94,1782212496.0097,1782212496.0,0.009675
225,13559.94,1782212556.0112,1782212556.0,0.011205
226,13619.92,1782212615.9954,1782212616.0,-0.004574
227,13679.92,1782212675.997,1782212676.0,-0.002977
228,13739.93,1782212735.999,1782212736.0,-0.000962
229,13799.93,1782212796.0006,1782212796.0,0.000556
230,13859.93,1782212856.0021,1782212856.0,0.002126
231,13919.93,1782212916.0036,1782212916.0,0.003594
232,13979.93,1782212976.0061,1782212976.0,0.006111
233,14039.93,1782213036.0066,1782213036.0,0.006603
234,14099.93,1782213096.0081,1782213096.0,0.008113
235,14159.94,1782213156.011,1782213156.0,0.011047
236,14219.94,1782213216.0127,1782213216.0,0.012667
237,14279.92,1782213275.996,1782213276.0,-0.003977
238,14339.93,1782213335.9984,1782213336.0,-0.001611
239,14399.93,1782213395.9999,1782213396.0,-7.3e-05
240,14459.93,1782213456.002,1782213456.0,0.002001
241,14519.93,1782213516.0036,1782213516.0,0.003648
242,14579.93,1782213576.0061,1782213576.0,0.0061
243,14639.93,1782213636.0082,1782213636.0,0.00824
244,14699.94,1782213696.009,1782213696.0,0.009033
245,14759.94,1782213756.0112,1782213756.0,0.011178
246,14819.94,1782213816.0128,1782213816.0,0.012827
247,14879.94,1782213876.0157,1782213876.0,0.015651
248,14939.92,1782213935.996,1782213936.0,-0.004024
249,14999.93,1782213995.9984,1782213996.0,-0.001583
250,15059.93,1782214055.9997,1782214056.0,-0.000313
251,15119.93,1782214116.0008,1782214116.0,0.000834
252,15179.93,1782214176.0036,1782214176.0,0.003601
253,15239.93,1782214236.005,1782214236.0,0.005002
254,15299.93,1782214296.0065,1782214296.0,0.006485
255,15359.93,1782214356.0076,1782214356.0,0.007647
256,15419.94,1782214416.0095,1782214416.0,0.009546
257,15479.94,1782214476.0111,1782214476.0,0.011113
258,15539.94,1782214536.0122,1782214536.0,0.012185
259,15599.92,1782214595.9964,1782214596.0,-0.003622
260,15659.92,1782214655.9975,1782214656.0,-0.002513
261,15719.93,1782214715.999,1782214716.0,-0.00103
262,15779.93,1782214776.0005,1782214776.0,0.000471
263,15839.93,1782214836.0032,1782214836.0,0.003153
264,15899.93,1782214896.0046,1782214896.0,0.004555
265,15959.93,1782214956.0061,1782214956.0,0.00605
266,16019.93,1782215016.0077,1782215016.0,0.00769
267,16079.93,1782215076.0082,1782215076.0,0.008157
268,16139.94,1782215136.0097,1782215136.0,0.009741
269,16199.94,1782215196.0112,1782215196.0,0.011165
270,16259.92,1782215255.9961,1782215256.0,-0.003913
271,16319.92,1782215315.9981,1782215316.0,-0.001874
272,16379.93,1782215376.0001,1782215376.0,8.4e-05
273,16439.93,1782215436.0006,1782215436.0,0.000621
274,16499.93,1782215496.002,1782215496.0,0.002042
275,16559.93,1782215556.0046,1782215556.0,0.004571
276,16619.93,1782215616.0053,1782215616.0,0.005277
277,16679.93,1782215676.0066,1782215676.0,0.006575
278,16739.93,1782215736.0081,1782215736.0,0.008134
279,16799.94,1782215796.0104,1782215796.0,0.010405
280,16859.94,1782215856.0111,1782215856.0,0.011111
281,16919.92,1782215915.9959,1782215916.0,-0.004058
282,16979.92,1782215975.9983,1782215976.0,-0.001711
283,17039.93,1782216036.0,1782216036.0,-3.9e-05
284,17099.93,1782216096.0015,1782216096.0,0.001532
285,17159.93,1782216156.0032,1782216156.0,0.003171
286,17219.93,1782216216.0045,1782216216.0,0.004464
287,17279.93,1782216276.0067,1782216276.0,0.006658
288,17339.93,1782216336.0082,1782216336.0,0.008173
289,17399.94,1782216396.0096,1782216396.0,0.009643
290,17459.94,1782216456.0106,1782216456.0,0.010575
291,17519.94,1782216516.0125,1782216516.0,0.012501
292,17579.92,1782216575.9959,1782216576.0,-0.004108
293,17639.92,1782216635.9977,1782216636.0,-0.002338
294,17699.93,1782216695.9994,1782216696.0,-0.000585
295,17759.93,1782216756.0018,1782216756.0,0.001828
296,17819.93,1782216816.0035,1782216816.0,0.003489
297,17879.93,1782216876.0051,1782216876.0,0.005065
298,17939.93,1782216936.007,1782216936.0,0.006951
299,17999.94,1782216996.0095,1782216996.0,0.009494
300,18059.94,1782217056.011,1782217056.0,0.010981
301,18119.94,1782217116.0121,1782217116.0,0.01208
302,18179.94,1782217176.015,1782217176.0,0.014977
303,18239.92,1782217235.9961,1782217236.0,-0.003882
304,18299.92,1782217295.9977,1782217296.0,-0.002348
305,18359.93,1782217355.9991,1782217356.0,-0.000943
306,18419.93,1782217416.0,1782217416.0,-4e-05
307,18479.93,1782217476.0021,1782217476.0,0.002102
308,18539.93,1782217536.0036,1782217536.0,0.00361
309,18599.93,1782217596.0051,1782217596.0,0.005137
310,18659.93,1782217656.0061,1782217656.0,0.006061
311,18719.93,1782217716.0081,1782217716.0,0.008145
312,18779.94,1782217776.0095,1782217776.0,0.009546
313,18839.94,1782217836.0112,1782217836.0,0.011151
314,18899.92,1782217895.9963,1782217896.0,-0.003715
315,18959.92,1782217955.9975,1782217956.0,-0.002521
316,19019.93,1782218016.0001,1782218016.0,0.0001
317,19079.93,1782218076.0022,1782218076.0,0.002191
318,19139.93,1782218136.0026,1782218136.0,0.002589
319,19199.93,1782218196.0046,1782218196.0,0.004644
320,19259.93,1782218256.0065,1782218256.0,0.006519
321,19319.94,1782218316.009,1782218316.0,0.009017
322,19379.94,1782218376.0099,1782218376.0,0.009868
323,19439.94,1782218436.0126,1782218436.0,0.012591
324,19499.94,1782218496.0142,1782218496.0,0.014153
325,19559.92,1782218555.9969,1782218556.0,-0.003093
326,19619.92,1782218615.9979,1782218616.0,-0.002084
327,19679.93,1782218676.0006,1782218676.0,0.000645
328,19739.93,1782218736.002,1782218736.0,0.002016
329,19799.93,1782218796.0036,1782218796.0,0.003615
330,19859.93,1782218856.006,1782218856.0,0.006009
331,19919.93,1782218916.0076,1782218916.0,0.007617
332,19979.94,1782218976.0091,1782218976.0,0.009102
333,20039.94,1782219036.0111,1782219036.0,0.011084
334,20099.94,1782219096.0136,1782219096.0,0.013624
335,20159.94,1782219156.0157,1782219156.0,0.015671
336,20219.92,1782219215.9961,1782219216.0,-0.003946
337,20279.93,1782219275.9991,1782219276.0,-0.000897
338,20339.93,1782219336.0002,1782219336.0,0.000178
339,20399.93,1782219396.0031,1782219396.0,0.003084
340,20459.93,1782219456.0046,1782219456.0,0.00457
341,20519.93,1782219516.0067,1782219516.0,0.006726
342,20579.94,1782219576.0091,1782219576.0,0.009069
343,20639.94,1782219636.0111,1782219636.0,0.011121
344,20699.94,1782219696.0127,1782219696.0,0.012658
345,20759.94,1782219756.0141,1782219756.0,0.014096
346,20819.94,1782219816.0166,1782219816.0,0.016599
347,20879.92,1782219875.9976,1782219876.0,-0.002438
348,20939.93,1782219935.9991,1782219936.0,-0.000903
349,20999.93,1782219996.0001,1782219996.0,0.000115
350,21059.93,1782220056.0025,1782220056.0,0.002539
351,21119.93,1782220116.0039,1782220116.0,0.003851
352,21179.93,1782220176.0067,1782220176.0,0.006672
353,21239.93,1782220236.0082,1782220236.0,0.008227
354,21299.94,1782220296.0108,1782220296.0,0.010782
355,21359.94,1782220356.0128,1782220356.0,0.012832
356,21419.94,1782220416.0144,1782220416.0,0.014357
357,21479.94,1782220476.0157,1782220476.0,0.015716
358,21539.92,1782220535.9966,1782220536.0,-0.003426
359,21599.93,1782220595.9987,1782220596.0,-0.001289
360,21659.93,1782220656.0006,1782220656.0,0.00065
361,21719.93,1782220716.0031,1782220716.0,0.003119
362,21779.93,1782220776.0046,1782220776.0,0.004625
363,21839.93,1782220836.0067,1782220836.0,0.00668
364,21899.93,1782220896.0082,1782220896.0,0.008166
365,21959.94,1782220956.0107,1782220956.0,0.010747
366,22019.94,1782221016.0123,1782221016.0,0.012259
367,22079.94,1782221076.0143,1782221076.0,0.014278
368,22139.94,1782221136.0158,1782221136.0,0.015771
369,22199.92,1782221195.9977,1782221196.0,-0.002349
370,22259.93,1782221255.9987,1782221256.0,-0.00135
371,22319.93,1782221316.0008,1782221316.0,0.000751
372,22379.93,1782221376.0021,1782221376.0,0.00209
373,22439.93,1782221436.0051,1782221436.0,0.005131
374,22499.93,1782221496.0062,1782221496.0,0.006226
375,22559.93,1782221556.0082,1782221556.0,0.008192
376,22619.94,1782221616.0112,1782221616.0,0.011245
377,22679.94,1782221676.0127,1782221676.0,0.012706
378,22739.94,1782221736.015,1782221736.0,0.015047
379,22799.94,1782221796.0159,1782221796.0,0.01586
380,22859.92,1782221855.997,1782221856.0,-0.003037
381,22919.92,1782221915.9983,1782221916.0,-0.001681
382,22979.93,1782221976.001,1782221976.0,0.000966
383,23039.93,1782222036.0021,1782222036.0,0.002131
384,23099.93,1782222096.0047,1782222096.0,0.004719
385,23159.93,1782222156.0063,1782222156.0,0.006255
386,23219.94,1782222216.0086,1782222216.0,0.008607
387,23279.94,1782222276.0112,1782222276.0,0.011244
388,23339.94,1782222336.0126,1782222336.0,0.012643
389,23399.94,1782222396.0142,1782222396.0,0.014175
390,23459.94,1782222456.0166,1782222456.0,0.016585
391,23519.92,1782222515.9973,1782222516.0,-0.002719
392,23579.93,1782222575.9986,1782222576.0,-0.001399
393,23639.93,1782222636.0011,1782222636.0,0.001108
394,23699.93,1782222696.0037,1782222696.0,0.003673
395,23759.93,1782222756.0052,1782222756.0,0.005157
396,23819.93,1782222816.0068,1782222816.0,0.006773
397,23879.94,1782222876.0092,1782222876.0,0.009173
398,23939.94,1782222936.0111,1782222936.0,0.011131
399,23999.94,1782222996.0141,1782222996.0,0.014147
400,24059.94,1782223056.0157,1782223056.0,0.015728
401,24119.94,1782223116.0182,1782223116.0,0.018184
402,24179.92,1782223175.9971,1782223176.0,-0.002902
403,24239.93,1782223235.9988,1782223236.0,-0.001248
404,24299.93,1782223296.002,1782223296.0,0.002013
405,24359.93,1782223356.0032,1782223356.0,0.003215
406,24419.93,1782223416.0052,1782223416.0,0.005241
407,24479.93,1782223476.0083,1782223476.0,0.008258
408,24539.94,1782223536.0098,1782223536.0,0.009775
409,24599.94,1782223596.0121,1782223596.0,0.012122
410,24659.94,1782223656.0144,1782223656.0,0.014385
411,24719.94,1782223716.0158,1782223716.0,0.015826
412,24779.94,1782223776.0181,1782223776.0,0.018147
413,24839.92,1782223835.9971,1782223836.0,-0.002912
414,24899.93,1782223895.9992,1782223896.0,-0.000822
415,24959.93,1782223956.0022,1782223956.0,0.002208
416,25019.93,1782224016.0036,1782224016.0,0.003617
417,25079.93,1782224076.0061,1782224076.0,0.006116
418,25139.94,1782224136.0084,1782224136.0,0.008372
419,25199.94,1782224196.0106,1782224196.0,0.01065
420,25259.94,1782224256.0129,1782224256.0,0.012946
421,25319.94,1782224316.015,1782224316.0,0.015043
422,25379.94,1782224376.0167,1782224376.0,0.016718
423,25439.94,1782224436.0182,1782224436.0,0.018224
424,25499.92,1782224495.9981,1782224496.0,-0.00187
425,25559.93,1782224556.0001,1782224556.0,6.5e-05
426,25619.93,1782224616.0022,1782224616.0,0.002177
427,25679.93,1782224676.0046,1782224676.0,0.004576
428,25739.93,1782224736.0061,1782224736.0,0.006082
429,25799.93,1782224796.0082,1782224796.0,0.00818
430,25859.94,1782224856.0105,1782224856.0,0.010497
431,25919.94,1782224916.0121,1782224916.0,0.012083
432,25979.94,1782224976.0154,1782224976.0,0.015383
433,26039.94,1782225036.0167,1782225036.0,0.016718
434,26099.95,1782225096.0187,1782225096.0,0.018672
435,26159.92,1782225155.9976,1782225156.0,-0.00236
436,26219.93,1782225216.0001,1782225216.0,0.000134
437,26279.93,1782225276.0021,1782225276.0,0.002077
438,26339.93,1782225336.0038,1782225336.0,0.003783
439,26399.93,1782225396.0066,1782225396.0,0.006589
440,26459.94,1782225456.009,1782225456.0,0.009014
441,26519.94,1782225516.0111,1782225516.0,0.011114
442,26579.94,1782225576.0126,1782225576.0,0.01258
443,26639.94,1782225636.0157,1782225636.0,0.015655
444,26699.94,1782225696.0167,1782225696.0,0.01673
445,26759.95,1782225756.0196,1782225756.0,0.019635
446,26819.92,1782225815.9971,1782225816.0,-0.002919
447,26879.93,1782225876.0006,1782225876.0,0.000589
448,26939.93,1782225936.0014,1782225936.0,0.0014
449,26999.93,1782225996.0037,1782225996.0,0.003652
450,27059.93,1782226056.0068,1782226056.0,0.006781
451,27119.93,1782226116.0081,1782226116.0,0.008056
452,27179.94,1782226176.0108,1782226176.0,0.010758
453,27239.94,1782226236.0127,1782226236.0,0.012654
454,27299.94,1782226296.0157,1782226296.0,0.015652
455,27359.94,1782226356.0174,1782226356.0,0.017428
456,27419.95,1782226416.0197,1782226416.0,0.019651
457,27479.92,1782226475.9979,1782226476.0,-0.002138
458,27539.93,1782226536.0001,1782226536.0,7.9e-05
459,27599.93,1782226596.0017,1782226596.0,0.001652
460,27659.93,1782226656.0041,1782226656.0,0.004092
461,27719.93,1782226716.0051,1782226716.0,0.005141
462,27779.93,1782226776.0066,1782226776.0,0.006645
463,27839.94,1782226836.0091,1782226836.0,0.009121
464,27899.94,1782226896.0105,1782226896.0,0.010545
465,27959.94,1782226956.0125,1782226956.0,0.012509
466,28019.94,1782227016.0141,1782227016.0,0.014146
467,28079.94,1782227076.0173,1782227076.0,0.01725
468,28139.92,1782227135.9969,1782227136.0,-0.00308
469,28199.93,1782227195.9991,1782227196.0,-0.000869
470,28259.93,1782227256.0006,1782227256.0,0.000557
471,28319.93,1782227316.0021,1782227316.0,0.002123
472,28379.93,1782227376.004,1782227376.0,0.004045
473,28439.93,1782227436.0061,1782227436.0,0.006134
474,28499.93,1782227496.0066,1782227496.0,0.006581
475,28559.93,1782227556.0081,1782227556.0,0.008112
476,28619.94,1782227616.0099,1782227616.0,0.00989
477,28679.94,1782227676.0111,1782227676.0,0.011107
478,28739.94,1782227736.0126,1782227736.0,0.012596
479,28799.92,1782227795.9975,1782227796.0,-0.0025
480,28859.93,1782227855.9985,1782227856.0,-0.001536
481,28919.93,1782227916.0005,1782227916.0,0.000514
482,28979.93,1782227976.002,1782227976.0,0.00195
483,29039.93,1782228036.0021,1782228036.0,0.002102
484,29099.93,1782228096.0045,1782228096.0,0.00448
485,29159.93,1782228156.005,1782228156.0,0.004996
486,29219.93,1782228216.0065,1782228216.0,0.006508
487,29279.94,1782228276.009,1782228276.0,0.008955
488,29339.94,1782228336.0105,1782228336.0,0.010477
489,29399.94,1782228396.0111,1782228396.0,0.011101
490,29459.92,1782228455.9976,1782228456.0,-0.002396
491,29519.93,1782228515.999,1782228516.0,-0.000953
492,29579.93,1782228575.9999,1782228576.0,-6.5e-05
493,29639.93,1782228636.002,1782228636.0,0.002039
494,29699.93,1782228696.003,1782228696.0,0.003047
495,29759.93,1782228756.0045,1782228756.0,0.004547
496,29819.93,1782228816.006,1782228816.0,0.006009
497,29879.93,1782228876.0067,1782228876.0,0.006656
498,29939.93,1782228936.0081,1782228936.0,0.008121
499,29999.94,1782228996.0096,1782228996.0,0.009553
500,30059.94,1782229056.0101,1782229056.0,0.010131
501,30119.92,1782229115.9976,1782229116.0,-0.002414
502,30179.93,1782229175.9986,1782229176.0,-0.0014
503,30239.93,1782229236.0,1782229236.0,1.4e-05
504,30299.93,1782229296.001,1782229296.0,0.000956
505,30359.93,1782229356.0022,1782229356.0,0.002163
506,30419.93,1782229416.0051,1782229416.0,0.005076
507,30479.93,1782229476.0065,1782229476.0,0.006545
508,30539.93,1782229536.0076,1782229536.0,0.007563
509,30599.94,1782229596.0091,1782229596.0,0.009071
510,30659.94,1782229656.0113,1782229656.0,0.011308
511,30719.94,1782229716.0126,1782229716.0,0.012616
512,30779.92,1782229775.9979,1782229776.0,-0.00211
513,30839.93,1782229835.9991,1782229836.0,-0.000913
514,30899.93,1782229896.0007,1782229896.0,0.000747
515,30959.93,1782229956.0035,1782229956.0,0.003536
516,31019.93,1782230016.0044,1782230016.0,0.004387
517,31079.93,1782230076.0068,1782230076.0,0.006754
518,31139.94,1782230136.0084,1782230136.0,0.008403
519,31199.94,1782230196.0097,1782230196.0,0.009685
520,31259.94,1782230256.0117,1782230256.0,0.011682
521,31319.94,1782230316.0143,1782230316.0,0.01434
522,31379.92,1782230375.9956,1782230376.0,-0.004365
523,31439.92,1782230435.9973,1782230436.0,-0.00271
524,31499.93,1782230495.9989,1782230496.0,-0.001133
525,31559.93,1782230556.0008,1782230556.0,0.000767
526,31619.93,1782230616.0023,1782230616.0,0.002339
527,31679.93,1782230676.0053,1782230676.0,0.005336
528,31739.93,1782230736.0071,1782230736.0,0.007057
529,31799.94,1782230796.0085,1782230796.0,0.008453
530,31859.94,1782230856.0099,1782230856.0,0.009875
531,31919.94,1782230916.0121,1782230916.0,0.012103
532,31979.94,1782230976.0135,1782230976.0,0.013474
533,32039.92,1782231035.9963,1782231036.0,-0.003736
534,32099.92,1782231095.9971,1782231096.0,-0.002909
535,32159.93,1782231155.9993,1782231156.0,-0.000723
536,32219.93,1782231216.0017,1782231216.0,0.001682
537,32279.93,1782231276.0023,1782231276.0,0.002326
538,32339.93,1782231336.0054,1782231336.0,0.005387
539,32399.93,1782231396.0067,1782231396.0,0.006692
540,32459.93,1782231456.0079,1782231456.0,0.007899
541,32519.94,1782231516.0097,1782231516.0,0.009749
542,32579.94,1782231576.0113,1782231576.0,0.011322
543,32639.94,1782231636.0144,1782231636.0,0.014359
544,32699.92,1782231695.9956,1782231696.0,-0.004447
545,32759.92,1782231755.9976,1782231756.0,-0.002398
546,32819.93,1782231815.9993,1782231816.0,-0.000703
547,32879.93,1782231876.0006,1782231876.0,0.000595
548,32939.93,1782231936.0027,1782231936.0,0.00266
549,32999.93,1782231996.0053,1782231996.0,0.005265
550,33059.93,1782232056.0067,1782232056.0,0.006696
551,33119.93,1782232116.0077,1782232116.0,0.007749
552,33179.94,1782232176.0101,1782232176.0,0.010097
553,33239.94,1782232236.0115,1782232236.0,0.011516
554,33299.94,1782232296.0129,1782232296.0,0.012876
555,33359.92,1782232355.9958,1782232356.0,-0.004212
556,33419.92,1782232415.9979,1782232416.0,-0.002069
557,33479.93,1782232476.0002,1782232476.0,0.000201
558,33539.93,1782232536.0009,1782232536.0,0.000855
559,33599.93,1782232596.0034,1782232596.0,0.003448
560,33659.93,1782232656.004,1782232656.0,0.004012
561,33719.93,1782232716.0054,1782232716.0,0.005424
562,33779.93,1782232776.0078,1782232776.0,0.007762
563,33839.94,1782232836.0094,1782232836.0,0.009415
564,33899.94,1782232896.0114,1782232896.0,0.011413
565,33959.94,1782232956.0127,1782232956.0,0.012742
566,34019.92,1782233015.9963,1782233016.0,-0.003674
567,34079.92,1782233075.9974,1782233076.0,-0.002619
568,34139.93,1782233135.9994,1782233136.0,-0.000622
569,34199.93,1782233196.0008,1782233196.0,0.000796
570,34259.93,1782233256.0024,1782233256.0,0.002414
571,34319.93,1782233316.0033,1782233316.0,0.003323
572,34379.93,1782233376.0053,1782233376.0,0.005326
573,34439.93,1782233436.0069,1782233436.0,0.006911
574,34499.94,1782233496.0085,1782233496.0,0.008529
575,34559.94,1782233556.0096,1782233556.0,0.009568
576,34619.94,1782233616.0115,1782233616.0,0.011521
577,34679.92,1782233675.9959,1782233676.0,-0.004103
578,34739.92,1782233735.9975,1782233736.0,-0.002549
579,34799.93,1782233795.9989,1782233796.0,-0.001115
580,34859.93,1782233856.001,1782233856.0,0.000981
581,34919.93,1782233916.0025,1782233916.0,0.002493
582,34979.93,1782233976.0041,1782233976.0,0.004062
583,35039.93,1782234036.0055,1782234036.0,0.005458
584,35099.93,1782234096.007,1782234096.0,0.007044
585,35159.94,1782234156.0085,1782234156.0,0.008526
586,35219.94,1782234216.01,1782234216.0,0.009966
587,35279.94,1782234276.0115,1782234276.0,0.011533
588,35339.92,1782234335.9964,1782234336.0,-0.003609
589,35399.92,1782234395.998,1782234396.0,-0.002006
590,35459.93,1782234455.9995,1782234456.0,-0.000479
591,35519.93,1782234516.0011,1782234516.0,0.001077
592,35579.93,1782234576.0018,1782234576.0,0.001844
593,35639.93,1782234636.004,1782234636.0,0.003993
594,35699.93,1782234696.0055,1782234696.0,0.005479
595,35759.93,1782234756.0071,1782234756.0,0.007062
596,35819.94,1782234816.0085,1782234816.0,0.008451
597,35879.94,1782234876.0101,1782234876.0,0.01009
598,35939.94,1782234936.0115,1782234936.0,0.011518
599,35999.92,1782234995.9958,1782234996.0,-0.00415
600,36059.92,1782235055.998,1782235056.0,-0.001993
601,36119.93,1782235115.9995,1782235116.0,-0.000496
602,36179.93,1782235176.001,1782235176.0,0.00101
603,36239.93,1782235236.0019,1782235236.0,0.001889
604,36299.93,1782235296.004,1782235296.0,0.003994
605,36359.93,1782235356.0054,1782235356.0,0.00541
606,36419.93,1782235416.0066,1782235416.0,0.006579
607,36479.94,1782235476.0088,1782235476.0,0.008766
608,36539.94,1782235536.0093,1782235536.0,0.009322
609,36599.94,1782235596.0116,1782235596.0,0.011572
610,36659.92,1782235655.996,1782235656.0,-0.003979
611,36719.92,1782235715.997,1782235716.0,-0.003002
612,36779.93,1782235775.9992,1782235776.0,-0.000797
613,36839.93,1782235836.0006,1782235836.0,0.00057
614,36899.93,1782235896.0021,1782235896.0,0.002062
615,36959.93,1782235956.0032,1782235956.0,0.003162
616,37019.93,1782236016.0051,1782236016.0,0.005141
617,37079.93,1782236076.0061,1782236076.0,0.006132
618,37139.93,1782236136.0076,1782236136.0,0.007635
619,37199.94,1782236196.0088,1782236196.0,0.008788
620,37259.94,1782236256.0109,1782236256.0,0.010888
621,37319.92,1782236315.9961,1782236316.0,-0.003866
622,37379.92,1782236375.9976,1782236376.0,-0.002374
623,37439.93,1782236435.9996,1782236436.0,-0.000359
624,37499.93,1782236496.0007,1782236496.0,0.000683
625,37559.93,1782236556.0025,1782236556.0,0.002474
626,37619.93,1782236616.0039,1782236616.0,0.00393
627,37679.93,1782236676.0047,1782236676.0,0.004745
628,37739.93,1782236736.0067,1782236736.0,0.006682
629,37799.94,1782236796.0084,1782236796.0,0.008377
630,37859.94,1782236856.0096,1782236856.0,0.009611
631,37919.94,1782236916.0108,1782236916.0,0.010785
632,37979.92,1782236975.9962,1782236976.0,-0.003816
633,38039.92,1782237035.9977,1782237036.0,-0.002293
634,38099.93,1782237095.9991,1782237096.0,-0.000871
635,38159.93,1782237156.0007,1782237156.0,0.000736
636,38219.93,1782237216.0024,1782237216.0,0.002374
637,38279.93,1782237276.0038,1782237276.0,0.003828
638,38339.93,1782237336.0047,1782237336.0,0.004745
639,38399.93,1782237396.0072,1782237396.0,0.007202
640,38459.93,1782237456.0077,1782237456.0,0.007683
641,38519.94,1782237516.0101,1782237516.0,0.010079
642,38579.94,1782237576.0107,1782237576.0,0.010657
643,38639.92,1782237635.9966,1782237636.0,-0.003376
644,38699.92,1782237695.9977,1782237696.0,-0.002318
645,38759.93,1782237755.9992,1782237756.0,-0.000774
646,38819.93,1782237816.0008,1782237816.0,0.00081
647,38879.93,1782237876.0027,1782237876.0,0.00268
648,38939.93,1782237936.0048,1782237936.0,0.004773
649,38999.93,1782237996.0053,1782237996.0,0.005325
650,39059.93,1782238056.0068,1782238056.0,0.006804
651,39119.94,1782238116.0092,1782238116.0,0.009246
652,39179.94,1782238176.0098,1782238176.0,0.009765
653,39239.94,1782238236.0113,1782238236.0,0.011294
654,39299.92,1782238295.9963,1782238296.0,-0.003737
655,39359.92,1782238355.9982,1782238356.0,-0.001758
656,39419.93,1782238415.9993,1782238416.0,-0.000695
657,39479.93,1782238476.0007,1782238476.0,0.000671
658,39539.93,1782238536.0027,1782238536.0,0.002662
659,39599.93,1782238596.0033,1782238596.0,0.00326
660,39659.93,1782238656.0055,1782238656.0,0.005458
661,39719.93,1782238716.0069,1782238716.0,0.006852
662,39779.93,1782238776.0077,1782238776.0,0.007669
663,39839.94,1782238836.0099,1782238836.0,0.009919
664,39899.94,1782238896.0113,1782238896.0,0.01129
665,39959.92,1782238955.9972,1782238956.0,-0.002844
666,40019.92,1782239015.9977,1782239016.0,-0.002293
667,40079.93,1782239075.9992,1782239076.0,-0.000838
668,40139.93,1782239136.0007,1782239136.0,0.000696
669,40199.93,1782239196.0024,1782239196.0,0.002393
670,40259.93,1782239256.0035,1782239256.0,0.003519
671,40319.93,1782239316.0052,1782239316.0,0.005229
672,40379.93,1782239376.0067,1782239376.0,0.006682
673,40439.93,1782239436.0083,1782239436.0,0.008266
674,40499.94,1782239496.0092,1782239496.0,0.009189
675,40559.94,1782239556.0112,1782239556.0,0.011159
676,40619.92,1782239615.9972,1782239616.0,-0.002785
677,40679.92,1782239675.9977,1782239676.0,-0.002272
678,40739.93,1782239735.9989,1782239736.0,-0.001083
679,40799.93,1782239796.0008,1782239796.0,0.000828
680,40859.93,1782239856.0022,1782239856.0,0.002197
681,40919.93,1782239916.0038,1782239916.0,0.003784
682,40979.93,1782239976.0046,1782239976.0,0.004609
683,41039.93,1782240036.0068,1782240036.0,0.006806
684,41099.93,1782240096.0083,1782240096.0,0.008251
685,41159.94,1782240156.0096,1782240156.0,0.009641
686,41219.94,1782240216.0107,1782240216.0,0.010689
687,41279.92,1782240275.9964,1782240276.0,-0.003585
688,41339.92,1782240335.9977,1782240336.0,-0.002306
689,41399.93,1782240395.999,1782240396.0,-0.000972
690,41459.93,1782240456.0017,1782240456.0,0.001716
691,41519.93,1782240516.0022,1782240516.0,0.002212
692,41579.93,1782240576.0037,1782240576.0,0.003703
693,41639.93,1782240636.0047,1782240636.0,0.004654
694,41699.93,1782240696.0061,1782240696.0,0.006136
695,41759.93,1782240756.0077,1782240756.0,0.007692
696,41819.94,1782240816.0093,1782240816.0,0.009265
697,41879.94,1782240876.0107,1782240876.0,0.010717
698,41939.92,1782240935.9967,1782240936.0,-0.003302
699,41999.93,1782240995.9986,1782240996.0,-0.001378
700,42059.93,1782241055.9991,1782241056.0,-0.00095
701,42119.93,1782241116.0017,1782241116.0,0.00174
702,42179.93,1782241176.0026,1782241176.0,0.002628
703,42239.93,1782241236.0038,1782241236.0,0.003826
704,42299.93,1782241296.0054,1782241296.0,0.005432
705,42359.93,1782241356.0071,1782241356.0,0.007064
706,42419.93,1782241416.0079,1782241416.0,0.007927
707,42479.94,1782241476.0098,1782241476.0,0.009829
708,42539.94,1782241536.0113,1782241536.0,0.011276
709,42599.92,1782241595.9961,1782241596.0,-0.00386
710,42659.93,1782241655.9987,1782241656.0,-0.001322
711,42719.93,1782241715.9993,1782241716.0,-0.000695
712,42779.93,1782241776.0007,1782241776.0,0.000742
713,42839.93,1782241836.0023,1782241836.0,0.002302
714,42899.93,1782241896.0046,1782241896.0,0.004613
715,42959.93,1782241956.0048,1782241956.0,0.004776
716,43019.93,1782242016.0062,1782242016.0,0.00623
717,43079.93,1782242076.0083,1782242076.0,0.008332
718,43139.94,1782242136.0092,1782242136.0,0.009248
719,43199.94,1782242196.0106,1782242196.0,0.010647
720,43259.92,1782242255.9972,1782242256.0,-0.002762
721,43319.93,1782242315.9987,1782242316.0,-0.001283
722,43379.93,1782242375.9994,1782242376.0,-0.000576
723,43439.93,1782242436.0007,1782242436.0,0.000712
724,43499.93,1782242496.0033,1782242496.0,0.003273
725,43559.93,1782242556.0039,1782242556.0,0.003877
726,43619.93,1782242616.0048,1782242616.0,0.004754
727,43679.93,1782242676.0068,1782242676.0,0.006778
728,43739.94,1782242736.0083,1782242736.0,0.008341
729,43799.94,1782242796.0099,1782242796.0,0.009866
730,43859.94,1782242856.0108,1782242856.0,0.01082
731,43919.92,1782242915.9962,1782242916.0,-0.003805
732,43979.92,1782242975.9977,1782242976.0,-0.002259
733,44039.93,1782243035.999,1782243036.0,-0.000951
734,44099.93,1782243096.0015,1782243096.0,0.001488
735,44159.93,1782243156.0024,1782243156.0,0.002395
736,44219.93,1782243216.0037,1782243216.0,0.003701
737,44279.93,1782243276.0052,1782243276.0,0.005221
738,44339.93,1782243336.0077,1782243336.0,0.007738
739,44399.93,1782243396.0082,1782243396.0,0.00816
740,44459.94,1782243456.0096,1782243456.0,0.009605
741,44519.94,1782243516.0111,1782243516.0,0.011066
742,44579.92,1782243575.997,1782243576.0,-0.002959
743,44639.93,1782243635.9991,1782243636.0,-0.000882
744,44699.93,1782243696.0001,1782243696.0,9.8e-05
745,44759.93,1782243756.0016,1782243756.0,0.001622
746,44819.93,1782243816.0025,1782243816.0,0.002547
747,44879.93,1782243876.0047,1782243876.0,0.004694
748,44939.93,1782243936.0052,1782243936.0,0.005178
749,44999.93,1782243996.0076,1782243996.0,0.007638
750,45059.93,1782244056.0081,1782244056.0,0.008087
751,45119.94,1782244116.0098,1782244116.0,0.009792
752,45179.94,1782244176.0124,1782244176.0,0.012384
753,45239.92,1782244235.9965,1782244236.0,-0.003469
754,45299.93,1782244295.9986,1782244296.0,-0.001415
755,45359.93,1782244356.0002,1782244356.0,0.00025
756,45419.93,1782244416.0018,1782244416.0,0.001788
757,45479.93,1782244476.0026,1782244476.0,0.002642
758,45539.93,1782244536.0046,1782244536.0,0.004602
759,45599.93,1782244596.0066,1782244596.0,0.00659
760,45659.93,1782244656.0081,1782244656.0,0.008133
761,45719.94,1782244716.0085,1782244716.0,0.008474
762,45779.94,1782244776.0111,1782244776.0,0.011133
763,45839.94,1782244836.0112,1782244836.0,0.011231
764,45899.92,1782244895.9976,1782244896.0,-0.002415
765,45959.93,1782244955.9985,1782244956.0,-0.001451
766,46019.93,1782245015.9994,1782245016.0,-0.00057
767,46079.93,1782245076.0008,1782245076.0,0.000829
768,46139.93,1782245136.0023,1782245136.0,0.002299
769,46199.93,1782245196.0038,1782245196.0,0.003813
770,46259.93,1782245256.0052,1782245256.0,0.005198
771,46319.93,1782245316.0067,1782245316.0,0.006659
772,46379.94,1782245376.0084,1782245376.0,0.008392
773,46439.94,1782245436.0108,1782245436.0,0.010835
774,46499.94,1782245496.0124,1782245496.0,0.012385
775,46559.92,1782245555.9978,1782245556.0,-0.002209
776,46619.92,1782245615.9978,1782245616.0,-0.002209
777,46679.93,1782245675.9993,1782245676.0,-0.000697
778,46739.93,1782245736.0008,1782245736.0,0.000843
779,46799.93,1782245796.0025,1782245796.0,0.002495
780,46859.93,1782245856.004,1782245856.0,0.004048
781,46919.93,1782245916.0061,1782245916.0,0.006111
782,46979.93,1782245976.0069,1782245976.0,0.006874
783,47039.94,1782246036.0085,1782246036.0,0.008453
784,47099.94,1782246096.0099,1782246096.0,0.009866
785,47159.94,1782246156.0117,1782246156.0,0.011651
786,47219.92,1782246215.9965,1782246216.0,-0.0035
787,47279.93,1782246275.9987,1782246276.0,-0.001337
788,47339.93,1782246335.9992,1782246336.0,-0.000839
789,47399.93,1782246396.0015,1782246396.0,0.00147
790,47459.93,1782246456.0031,1782246456.0,0.003129
791,47519.93,1782246516.0038,1782246516.0,0.003773
792,47579.93,1782246576.0052,1782246576.0,0.005162
793,47639.93,1782246636.0074,1782246636.0,0.007357
794,47699.94,1782246696.0092,1782246696.0,0.009173
795,47759.94,1782246756.0097,1782246756.0,0.009662
796,47819.94,1782246816.0112,1782246816.0,0.011186
797,47879.92,1782246875.9972,1782246876.0,-0.002782
798,47939.93,1782246935.9991,1782246936.0,-0.000871
799,47999.93,1782246996.0006,1782246996.0,0.000609
800,48059.93,1782247056.0022,1782247056.0,0.002227
801,48119.93,1782247116.0027,1782247116.0,0.002692
802,48179.93,1782247176.0038,1782247176.0,0.003773
803,48239.93,1782247236.0052,1782247236.0,0.005187
804,48299.93,1782247296.0071,1782247296.0,0.007094
805,48359.94,1782247356.0092,1782247356.0,0.009195
806,48419.94,1782247416.0109,1782247416.0,0.010883
807,48479.94,1782247476.0123,1782247476.0,0.012318
808,48539.92,1782247535.9971,1782247536.0,-0.002946
809,48599.93,1782247595.9986,1782247596.0,-0.001388
810,48659.93,1782247656.0008,1782247656.0,0.000837
811,48719.93,1782247716.0023,1782247716.0,0.002279
812,48779.93,1782247776.003,1782247776.0,0.003014
813,48839.93,1782247836.0052,1782247836.0,0.005239
814,48899.93,1782247896.0063,1782247896.0,0.006274
815,48959.93,1782247956.0077,1782247956.0,0.007729
816,49019.94,1782248016.0094,1782248016.0,0.009377
817,49079.94,1782248076.0099,1782248076.0,0.009932
818,49139.94,1782248136.0114,1782248136.0,0.011444
819,49199.92,1782248195.9973,1782248196.0,-0.002721
820,49259.92,1782248255.9982,1782248256.0,-0.001769
821,49319.93,1782248316.0008,1782248316.0,0.00076
822,49379.93,1782248376.0023,1782248376.0,0.002326
823,49439.93,1782248436.0039,1782248436.0,0.003946
824,49499.93,1782248496.0046,1782248496.0,0.004591
825,49559.93,1782248556.0062,1782248556.0,0.00621
826,49619.93,1782248616.0079,1782248616.0,0.007943
827,49679.94,1782248676.0099,1782248676.0,0.009865
828,49739.94,1782248736.0107,1782248736.0,0.010744
829,49799.94,1782248796.0114,1782248796.0,0.011356
830,49859.92,1782248855.9977,1782248856.0,-0.002321
831,49919.93,1782248915.9992,1782248916.0,-0.000766
832,49979.93,1782248976.0001,1782248976.0,5.3e-05
833,50039.93,1782249036.0022,1782249036.0,0.002169
834,50099.93,1782249096.0037,1782249096.0,0.00367
835,50159.93,1782249156.0052,1782249156.0,0.005182
836,50219.93,1782249216.0057,1782249216.0,0.005662
837,50279.93,1782249276.0068,1782249276.0,0.006757
838,50339.94,1782249336.0096,1782249336.0,0.009638
839,50399.94,1782249396.0111,1782249396.0,0.011071
840,50459.94,1782249456.0121,1782249456.0,0.012087
841,50519.92,1782249515.9976,1782249516.0,-0.002411
842,50579.93,1782249575.9991,1782249576.0,-0.000883
843,50639.93,1782249636.0007,1782249636.0,0.000655
844,50699.93,1782249696.0016,1782249696.0,0.001647
845,50759.93,1782249756.0036,1782249756.0,0.003553
846,50819.93,1782249816.0051,1782249816.0,0.005146
847,50879.93,1782249876.0066,1782249876.0,0.006612
848,50939.93,1782249936.0082,1782249936.0,0.008167
849,50999.93,1782249996.0083,1782249996.0,0.008321
850,51059.94,1782250056.0107,1782250056.0,0.010736
851,51119.92,1782250115.9955,1782250116.0,-0.004505
852,51179.92,1782250175.9977,1782250176.0,-0.002328
853,51239.93,1782250235.9992,1782250236.0,-0.000778
854,51299.93,1782250296.0002,1782250296.0,0.00017
855,51359.93,1782250356.0016,1782250356.0,0.001639
856,51419.93,1782250416.0031,1782250416.0,0.003063
857,51479.93,1782250476.004,1782250476.0,0.004026
858,51539.93,1782250536.0061,1782250536.0,0.00611
859,51599.93,1782250596.007,1782250596.0,0.007049
860,51659.94,1782250656.0092,1782250656.0,0.009215
861,51719.94,1782250716.0095,1782250716.0,0.009468
862,51779.92,1782250775.996,1782250776.0,-0.004007
863,51839.92,1782250835.9971,1782250836.0,-0.002913
864,51899.93,1782250895.999,1782250896.0,-0.001
865,51959.93,1782250956.0008,1782250956.0,0.000838
866,52019.93,1782251016.0018,1782251016.0,0.001776
867,52079.93,1782251076.0026,1782251076.0,0.002559
868,52139.93,1782251136.0038,1782251136.0,0.003814
869,52199.93,1782251196.0054,1782251196.0,0.005365
870,52259.93,1782251256.0069,1782251256.0,0.006894
871,52319.94,1782251316.0092,1782251316.0,0.009213
872,52379.94,1782251376.0098,1782251376.0,0.009779
873,52439.92,1782251435.9962,1782251436.0,-0.003829
874,52499.92,1782251495.9978,1782251496.0,-0.002248
875,52559.93,1782251555.9986,1782251556.0,-0.001353
876,52619.93,1782251616.0005,1782251616.0,0.000548
877,52679.93,1782251676.0022,1782251676.0,0.002179
878,52739.93,1782251736.0034,1782251736.0,0.003366
879,52799.93,1782251796.0048,1782251796.0,0.00477
880,52859.93,1782251856.0066,1782251856.0,0.006601
881,52919.93,1782251916.0067,1782251916.0,0.006684
882,52979.94,1782251976.0084,1782251976.0,0.008362
883,53039.94,1782252036.0107,1782252036.0,0.010655
884,53099.92,1782252095.9962,1782252096.0,-0.003776
885,53159.92,1782252155.9979,1782252156.0,-0.002105
886,53219.93,1782252215.9988,1782252216.0,-0.001191
887,53279.93,1782252276.0007,1782252276.0,0.000691
888,53339.93,1782252336.0023,1782252336.0,0.002302
889,53399.93,1782252396.0038,1782252396.0,0.003816
890,53459.93,1782252456.0048,1782252456.0,0.004843
891,53519.93,1782252516.0064,1782252516.0,0.006379
892,53579.93,1782252576.0068,1782252576.0,0.006752
893,53639.93,1782252636.0082,1782252636.0,0.008196
894,53699.94,1782252696.0109,1782252696.0,0.010925
895,53759.92,1782252755.9963,1782252756.0,-0.003686
896,53819.92,1782252815.9979,1782252816.0,-0.002073
897,53879.93,1782252875.9992,1782252876.0,-0.000802
898,53939.93,1782252935.9998,1782252936.0,-0.000229
899,53999.93,1782252996.002,1782252996.0,0.002005
900,54059.93,1782253056.0032,1782253056.0,0.003222
901,54119.93,1782253116.0049,1782253116.0,0.004875
902,54179.93,1782253176.0057,1782253176.0,0.005722
903,54239.93,1782253236.0079,1782253236.0,0.007876
904,54299.94,1782253296.0092,1782253296.0,0.009237
905,54359.94,1782253356.0108,1782253356.0,0.010788
906,54419.92,1782253415.9966,1782253416.0,-0.003426
907,54479.92,1782253475.9977,1782253476.0,-0.002268
908,54539.93,1782253535.9986,1782253536.0,-0.001391
909,54599.93,1782253596.0002,1782253596.0,0.00018
910,54659.93,1782253656.0025,1782253656.0,0.002528
911,54719.93,1782253716.0032,1782253716.0,0.003239
912,54779.93,1782253776.0054,1782253776.0,0.005358
913,54839.93,1782253836.0056,1782253836.0,0.005575
914,54899.93,1782253896.0071,1782253896.0,0.00713
915,54959.93,1782253956.0083,1782253956.0,0.008275
916,55019.94,1782254016.0098,1782254016.0,0.009799
917,55079.92,1782254075.9962,1782254076.0,-0.003808
918,55139.92,1782254135.9977,1782254136.0,-0.002317
919,55199.93,1782254195.9987,1782254196.0,-0.001257
920,55259.93,1782254256.0003,1782254256.0,0.000274
921,55319.93,1782254316.0018,1782254316.0,0.001757
922,55379.93,1782254376.0038,1782254376.0,0.003819
923,55439.93,1782254436.0053,1782254436.0,0.005295
924,55499.93,1782254496.0067,1782254496.0,0.006697
925,55559.93,1782254556.0081,1782254556.0,0.008111
926,55619.94,1782254616.0091,1782254616.0,0.0091
927,55679.94,1782254676.0097,1782254676.0,0.009698
928,55739.92,1782254735.9962,1782254736.0,-0.003832
929,55799.92,1782254795.9976,1782254796.0,-0.002404
930,55859.93,1782254855.9986,1782254856.0,-0.001418
931,55919.93,1782254916.0005,1782254916.0,0.000518
932,55979.93,1782254976.0022,1782254976.0,0.002156
933,56039.93,1782255036.0028,1782255036.0,0.002834
934,56099.93,1782255096.0045,1782255096.0,0.004536
935,56159.93,1782255156.0053,1782255156.0,0.005338
936,56219.93,1782255216.0081,1782255216.0,0.008126
937,56279.94,1782255276.009,1782255276.0,0.008958
938,56339.94,1782255336.0106,1782255336.0,0.010621
939,56399.92,1782255395.9962,1782255396.0,-0.003821
940,56459.92,1782255455.9971,1782255456.0,-0.00289
941,56519.93,1782255515.9987,1782255516.0,-0.001342
942,56579.93,1782255576.0006,1782255576.0,0.000582
943,56639.93,1782255636.0022,1782255636.0,0.002208
944,56699.93,1782255696.0036,1782255696.0,0.003623
945,56759.93,1782255756.0053,1782255756.0,0.005309
946,56819.93,1782255816.0066,1782255816.0,0.006587
947,56879.93,1782255876.0068,1782255876.0,0.006755
948,56939.93,1782255936.0082,1782255936.0,0.008219
949,56999.94,1782255996.0107,1782255996.0,0.010735
950,57059.93,1782256056.0008,1782256056.0,0.000788
951,57119.93,1782256116.0021,1782256116.0,0.002143
952,57179.93,1782256176.0033,1782256176.0,0.003314
953,57239.93,1782256236.0046,1782256236.0,0.00464
954,57299.93,1782256296.0063,1782256296.0,0.006326
955,57359.93,1782256356.0069,1782256356.0,0.00685
956,57419.93,1782256416.0083,1782256416.0,0.008274
957,57479.94,1782256476.0093,1782256476.0,0.009299
958,57539.94,1782256536.0113,1782256536.0,0.0113
959,57599.94,1782256596.0123,1782256596.0,0.012263
960,57659.94,1782256656.013,1782256656.0,0.013039
961,57719.92,1782256715.9958,1782256716.0,-0.004226
962,57779.92,1782256775.9977,1782256776.0,-0.002309
963,57839.93,1782256835.9993,1782256836.0,-0.000663
964,57899.93,1782256895.9999,1782256896.0,-0.000106
965,57959.93,1782256956.0017,1782256956.0,0.001662
966,58019.93,1782257016.0038,1782257016.0,0.003754
967,58079.93,1782257076.0052,1782257076.0,0.005175
968,58139.93,1782257136.0059,1782257136.0,0.005865
969,58199.93,1782257196.0079,1782257196.0,0.007941
970,58259.94,1782257256.0084,1782257256.0,0.008356
971,58319.94,1782257316.0097,1782257316.0,0.009712
972,58379.92,1782257375.9963,1782257376.0,-0.003748
973,58439.92,1782257435.9973,1782257436.0,-0.002686
974,58499.93,1782257495.9994,1782257496.0,-0.000629
975,58559.93,1782257556.0003,1782257556.0,0.000326
976,58619.93,1782257616.0018,1782257616.0,0.00177
977,58679.93,1782257676.0029,1782257676.0,0.002862
978,58739.93,1782257736.0052,1782257736.0,0.005151
979,58799.93,1782257796.0062,1782257796.0,0.00624
980,58859.93,1782257856.008,1782257856.0,0.007988
981,58919.94,1782257916.0088,1782257916.0,0.008804
982,58979.94,1782257976.0098,1782257976.0,0.009828
983,59039.92,1782258035.9961,1782258036.0,-0.003909
984,59099.92,1782258095.9977,1782258096.0,-0.002301
985,59159.93,1782258155.9986,1782258156.0,-0.001386
986,59219.93,1782258216.0007,1782258216.0,0.000711
987,59279.93,1782258276.0023,1782258276.0,0.002305
988,59339.93,1782258336.0036,1782258336.0,0.003639
989,59399.93,1782258396.0046,1782258396.0,0.004602
990,59459.93,1782258456.0063,1782258456.0,0.006285
991,59519.93,1782258516.0079,1782258516.0,0.007882
992,59579.94,1782258576.0094,1782258576.0,0.009369
993,59639.94,1782258636.0101,1782258636.0,0.010075
994,59699.92,1782258695.9961,1782258696.0,-0.003925
995,59759.92,1782258755.9975,1782258756.0,-0.002503
996,59819.93,1782258815.9985,1782258816.0,-0.001465
997,59879.93,1782258876.0007,1782258876.0,0.000665
998,59939.93,1782258936.0021,1782258936.0,0.002084
999,59999.93,1782258996.0037,1782258996.0,0.003675
1000,60059.93,1782259056.0041,1782259056.0,0.004103
1001,60119.93,1782259116.0063,1782259116.0,0.00629
1002,60179.93,1782259176.0077,1782259176.0,0.007693
1003,60239.93,1782259236.0083,1782259236.0,0.008294
1004,60299.94,1782259296.0107,1782259296.0,0.010705
1005,60359.92,1782259355.9965,1782259356.0,-0.003496
1006,60419.92,1782259415.9979,1782259416.0,-0.002072
1007,60479.93,1782259475.9993,1782259476.0,-0.000661
1008,60539.93,1782259536.0002,1782259536.0,0.000202
1009,60599.93,1782259596.0026,1782259596.0,0.002565
1010,60659.93,1782259656.0038,1782259656.0,0.003813
1011,60719.93,1782259716.0052,1782259716.0,0.005242
1012,60779.93,1782259776.0062,1782259776.0,0.00625
1013,60839.93,1782259836.0083,1782259836.0,0.008287
1014,60899.94,1782259896.0083,1782259896.0,0.00834
1015,60959.94,1782259956.0098,1782259956.0,0.009835
1016,61019.92,1782260015.9967,1782260016.0,-0.003307
1017,61079.93,1782260075.9987,1782260076.0,-0.001284
1018,61139.93,1782260135.9987,1782260136.0,-0.001317
1019,61199.93,1782260196.001,1782260196.0,0.000995
1020,61259.93,1782260256.0017,1782260256.0,0.00167
1021,61319.93,1782260316.0038,1782260316.0,0.003765
1022,61379.93,1782260376.0048,1782260376.0,0.004804
1023,61439.93,1782260436.007,1782260436.0,0.006984
1024,61499.93,1782260496.0081,1782260496.0,0.008092
1025,61559.94,1782260556.0092,1782260556.0,0.009164
1026,61619.94,1782260616.0107,1782260616.0,0.010669
1027,61679.92,1782260675.9963,1782260676.0,-0.003707
1028,61739.92,1782260735.9973,1782260736.0,-0.002674
1029,61799.93,1782260795.9986,1782260796.0,-0.001357
1030,61859.93,1782260856.0008,1782260856.0,0.000808
1031,61919.93,1782260916.0026,1782260916.0,0.002556
1032,61979.93,1782260976.004,1782260976.0,0.003992
1033,62039.93,1782261036.0054,1782261036.0,0.005377
1034,62099.93,1782261096.0067,1782261096.0,0.00675
1035,62159.93,1782261156.0068,1782261156.0,0.006814
1036,62219.94,1782261216.0094,1782261216.0,0.009433
1037,62279.94,1782261276.01,1782261276.0,0.009969
1038,62339.92,1782261335.9963,1782261336.0,-0.003728
1039,62399.92,1782261395.9979,1782261396.0,-0.002142
1040,62459.93,1782261455.9989,1782261456.0,-0.001065
1041,62519.93,1782261516.0008,1782261516.0,0.000823
1042,62579.93,1782261576.0024,1782261576.0,0.002361
1043,62639.93,1782261636.004,1782261636.0,0.004042
1044,62699.93,1782261696.0048,1782261696.0,0.004776
1045,62759.93,1782261756.0068,1782261756.0,0.006785
1046,62819.93,1782261816.0082,1782261816.0,0.008222
1047,62879.93,1782261876.0082,1782261876.0,0.00825
1048,62939.94,1782261936.0108,1782261936.0,0.010782
1049,62999.92,1782261995.9962,1782261996.0,-0.003844
1050,63059.92,1782262055.9978,1782262056.0,-0.00221
1051,63119.93,1782262115.9992,1782262116.0,-0.000848
1052,63179.93,1782262176.0001,1782262176.0,0.000141
1053,63239.93,1782262236.0022,1782262236.0,0.002248
1054,63299.93,1782262296.0037,1782262296.0,0.003722
1055,63359.93,1782262356.0049,1782262356.0,0.004863
1056,63419.93,1782262416.0058,1782262416.0,0.005771
1057,63479.93,1782262476.0079,1782262476.0,0.007887
1058,63539.94,1782262536.0092,1782262536.0,0.009227
1059,63599.94,1782262596.0107,1782262596.0,0.010683
1060,63659.92,1782262655.9973,1782262656.0,-0.002712
1061,63719.92,1782262715.9976,1782262716.0,-0.002363
1062,63779.93,1782262775.9991,1782262776.0,-0.000901
1063,63839.93,1782262836.0006,1782262836.0,0.000569
1064,63899.93,1782262896.0016,1782262896.0,0.001557
1065,63959.93,1782262956.0038,1782262956.0,0.003765
1066,64019.93,1782263016.0047,1782263016.0,0.004677
1067,64079.93,1782263076.0061,1782263076.0,0.006146
1068,64139.93,1782263136.0076,1782263136.0,0.007556
1069,64199.94,1782263196.0097,1782263196.0,0.009655
1070,64259.94,1782263256.0096,1782263256.0,0.009645
1071,64319.92,1782263315.997,1782263316.0,-0.002957
1072,64379.93,1782263375.9986,1782263376.0,-0.001428
1073,64439.93,1782263436.0001,1782263436.0,0.000102
1074,64499.93,1782263496.0006,1782263496.0,0.000639
1075,64559.93,1782263556.0019,1782263556.0,0.001874
1076,64619.93,1782263616.0028,1782263616.0,0.002825
1077,64679.93,1782263676.005,1782263676.0,0.004974
1078,64739.93,1782263736.0062,1782263736.0,0.006171
1079,64799.93,1782263796.008,1782263796.0,0.007963
1080,64859.94,1782263856.0086,1782263856.0,0.008625
1081,64919.94,1782263916.011,1782263916.0,0.010987
1082,64979.92,1782263975.9971,1782263976.0,-0.002914
1083,65039.92,1782264035.998,1782264036.0,-0.002046
1084,65099.93,1782264095.9988,1782264096.0,-0.001176
1085,65159.93,1782264156.0009,1782264156.0,0.000931
1086,65219.93,1782264216.0021,1782264216.0,0.002136
1087,65279.93,1782264276.0033,1782264276.0,0.003319
1088,65339.93,1782264336.0049,1782264336.0,0.004909
1089,65399.93,1782264396.0055,1782264396.0,0.005481
1090,65459.93,1782264456.0067,1782264456.0,0.006709
1091,65519.94,1782264516.0093,1782264516.0,0.009311
1092,65579.94,1782264576.01,1782264576.0,0.009964
1093,65639.92,1782264635.9963,1782264636.0,-0.003693
1094,65699.93,1782264695.9986,1782264696.0,-0.001425
1095,65759.93,1782264755.9993,1782264756.0,-0.000702
1096,65819.93,1782264816.0003,1782264816.0,0.000342
1097,65879.93,1782264876.0017,1782264876.0,0.001721
1098,65939.93,1782264936.0032,1782264936.0,0.003169
1099,65999.93,1782264996.0055,1782264996.0,0.005452
1100,66059.93,1782265056.0062,1782265056.0,0.006221
1101,66119.93,1782265116.008,1782265116.0,0.00804
1102,66179.93,1782265176.0083,1782265176.0,0.008314
1103,66239.94,1782265236.0105,1782265236.0,0.010527
1104,66299.92,1782265295.9972,1782265296.0,-0.002789
1105,66359.92,1782265355.9977,1782265356.0,-0.002276
1106,66419.93,1782265415.9993,1782265416.0,-0.000728
1107,66479.93,1782265476.0016,1782265476.0,0.001625
1108,66539.93,1782265536.0026,1782265536.0,0.002583
1109,66599.93,1782265596.0037,1782265596.0,0.003688
1110,66659.93,1782265656.0046,1782265656.0,0.004648
1111,66719.93,1782265716.0056,1782265716.0,0.005604
1112,66779.93,1782265776.0078,1782265776.0,0.007846
1113,66839.93,1782265836.0082,1782265836.0,0.008157
1114,66899.94,1782265896.0097,1782265896.0,0.009696
1115,66959.92,1782265955.997,1782265956.0,-0.00297
1116,67019.92,1782266015.9976,1782266016.0,-0.002389
1117,67079.93,1782266075.9994,1782266076.0,-0.00062
1118,67139.93,1782266136.0008,1782266136.0,0.000802
1119,67199.93,1782266196.0017,1782266196.0,0.001745
1120,67259.93,1782266256.0038,1782266256.0,0.003796
1121,67319.93,1782266316.0053,1782266316.0,0.005311
1122,67379.93,1782266376.0066,1782266376.0,0.006648
1123,67439.93,1782266436.0082,1782266436.0,0.008212
1124,67499.94,1782266496.0097,1782266496.0,0.009655
1125,67559.94,1782266556.0097,1782266556.0,0.009749
1126,67619.92,1782266615.9971,1782266616.0,-0.002893
1127,67679.92,1782266675.9981,1782266676.0,-0.001927
1128,67739.93,1782266735.9991,1782266736.0,-0.000894
1129,67799.93,1782266796.0007,1782266796.0,0.00074
1130,67859.93,1782266856.0021,1782266856.0,0.002107
1131,67919.93,1782266916.0046,1782266916.0,0.004571
1132,67979.93,1782266976.0045,1782266976.0,0.004501
1133,68039.93,1782267036.0066,1782267036.0,0.006647
1134,68099.93,1782267096.0076,1782267096.0,0.007645
1135,68159.94,1782267156.009,1782267156.0,0.009032
1136,68219.94,1782267216.0113,1782267216.0,0.011277
1137,68279.92,1782267275.9972,1782267276.0,-0.002843
1138,68339.93,1782267335.9987,1782267336.0,-0.001301
1139,68399.93,1782267396.0003,1782267396.0,0.000347
1140,68459.93,1782267456.001,1782267456.0,0.001008
1141,68519.93,1782267516.0023,1782267516.0,0.002341
1142,68579.93,1782267576.0032,1782267576.0,0.003205
1143,68639.93,1782267636.0047,1782267636.0,0.004718
1144,68699.93,1782267696.0068,1782267696.0,0.006804
1145,68759.94,1782267756.0084,1782267756.0,0.008409
1146,68819.94,1782267816.0098,1782267816.0,0.009811
1147,68879.94,1782267876.0108,1782267876.0,0.010792
1148,68939.92,1782267935.9977,1782267936.0,-0.00227
1149,68999.93,1782267995.9992,1782267996.0,-0.000792
1150,69059.93,1782268055.9993,1782268056.0,-0.000744
1151,69119.93,1782268116.0018,1782268116.0,0.001759
1152,69179.93,1782268176.0022,1782268176.0,0.002246
1153,69239.93,1782268236.0038,1782268236.0,0.003806
1154,69299.93,1782268296.0052,1782268296.0,0.005164
1155,69359.93,1782268356.007,1782268356.0,0.00705
1156,69419.93,1782268416.0079,1782268416.0,0.007871
1157,69479.93,1782268476.0083,1782268476.0,0.008324
1158,69539.94,1782268536.0106,1782268536.0,0.010621
1159,69599.92,1782268595.9977,1782268596.0,-0.00228
1160,69659.93,1782268655.9992,1782268656.0,-0.000827
1161,69719.93,1782268715.9991,1782268716.0,-0.00091
1162,69779.93,1782268776.0016,1782268776.0,0.001602
1163,69839.93,1782268836.0023,1782268836.0,0.002262
1164,69899.93,1782268896.0036,1782268896.0,0.003649
1165,69959.93,1782268956.0053,1782268956.0,0.005328
1166,70019.93,1782269016.0061,1782269016.0,0.006138
1167,70079.93,1782269076.0083,1782269076.0,0.00829
1168,70139.93,1782269136.0083,1782269136.0,0.008293
1169,70199.94,1782269196.0097,1782269196.0,0.009655
1170,70259.92,1782269255.9972,1782269256.0,-0.002813
1171,70319.93,1782269315.9993,1782269316.0,-0.000727
1172,70379.93,1782269376.0006,1782269376.0,0.000644
1173,70439.93,1782269436.0017,1782269436.0,0.001715
1174,70499.93,1782269496.0023,1782269496.0,0.002272
1175,70559.93,1782269556.0047,1782269556.0,0.004734
1176,70619.93,1782269616.0061,1782269616.0,0.006149
1177,70679.93,1782269676.0078,1782269676.0,0.007763
1178,70739.94,1782269736.0086,1782269736.0,0.008645
1179,70799.94,1782269796.0107,1782269796.0,0.010701
1180,70859.92,1782269855.997,1782269856.0,-0.002965
1181,70919.93,1782269915.999,1782269916.0,-0.000962
1182,70979.93,1782269976.0015,1782269976.0,0.001486
1183,71039.93,1782270036.0021,1782270036.0,0.002129
1184,71099.93,1782270096.0037,1782270096.0,0.003657
1185,71159.93,1782270156.0052,1782270156.0,0.005242
1186,71219.93,1782270216.0076,1782270216.0,0.007632
1187,71279.93,1782270276.008,1782270276.0,0.007982
1188,71339.94,1782270336.0098,1782270336.0,0.009806
1189,71399.94,1782270396.0113,1782270396.0,0.011333
1190,71459.94,1782270456.0123,1782270456.0,0.012332
1191,71519.92,1782270515.9962,1782270516.0,-0.003778
1192,71579.92,1782270575.9977,1782270576.0,-0.00226
1193,71639.93,1782270635.9988,1782270636.0,-0.001201
1194,71699.93,1782270696.0003,1782270696.0,0.00028
1195,71759.93,1782270756.0025,1782270756.0,0.002535
1196,71819.93,1782270816.0038,1782270816.0,0.003847
1197,71879.93,1782270876.0052,1782270876.0,0.00522
1198,71939.93,1782270936.0065,1782270936.0,0.006467
1199,71999.93,1782270996.0083,1782270996.0,0.008318
1200,72059.94,1782271056.0096,1782271056.0,0.009575
1201,72119.94,1782271116.0108,1782271116.0,0.010776
1202,72179.92,1782271175.9967,1782271176.0,-0.003325
1203,72239.92,1782271235.9976,1782271236.0,-0.002366
1204,72299.93,1782271295.9994,1782271296.0,-0.000574
1205,72359.93,1782271356.0004,1782271356.0,0.000431
1206,72419.93,1782271416.0019,1782271416.0,0.001893
1207,72479.93,1782271476.0039,1782271476.0,0.00391
1208,72539.93,1782271536.0041,1782271536.0,0.004139
1209,72599.93,1782271596.0068,1782271596.0,0.006848
1210,72659.93,1782271656.0078,1782271656.0,0.007765
1211,72719.94,1782271716.0099,1782271716.0,0.009891
1212,72779.94,1782271776.0114,1782271776.0,0.01136
1213,72839.92,1782271835.9962,1782271836.0,-0.003819
1214,72899.92,1782271895.9972,1782271896.0,-0.002829
1215,72959.93,1782271955.9993,1782271956.0,-0.000717
1216,73019.93,1782272016.001,1782272016.0,0.000965
1217,73079.93,1782272076.0023,1782272076.0,0.00235
1218,73139.93,1782272136.0032,1782272136.0,0.003198
1219,73199.93,1782272196.0053,1782272196.0,0.005303
1220,73259.93,1782272256.0068,1782272256.0,0.006776
1221,73319.93,1782272316.0081,1782272316.0,0.008107
1222,73379.94,1782272376.0101,1782272376.0,0.010075
1223,73439.94,1782272436.0112,1782272436.0,0.011212
1224,73499.92,1782272495.9956,1782272496.0,-0.004416
1225,73559.92,1782272555.9974,1782272556.0,-0.002618
1226,73619.93,1782272615.9987,1782272616.0,-0.001263
1227,73679.93,1782272676.0008,1782272676.0,0.000796
1228,73739.93,1782272736.0022,1782272736.0,0.002246
1229,73799.93,1782272796.0038,1782272796.0,0.003765
1230,73859.93,1782272856.0052,1782272856.0,0.005198
1231,73919.93,1782272916.007,1782272916.0,0.006967
1232,73979.93,1782272976.0083,1782272976.0,0.008295
1233,74039.94,1782273036.0099,1782273036.0,0.009864
1234,74099.94,1782273096.0108,1782273096.0,0.010797
1235,74159.92,1782273155.9964,1782273156.0,-0.003638
1236,74219.92,1782273215.9972,1782273216.0,-0.00284
1237,74279.93,1782273275.9993,1782273276.0,-0.00065
1238,74339.93,1782273336.0005,1782273336.0,0.000528
1239,74399.93,1782273396.0017,1782273396.0,0.001706
1240,74459.93,1782273456.0038,1782273456.0,0.003786
1241,74519.93,1782273516.0054,1782273516.0,0.005397
1242,74579.93,1782273576.0067,1782273576.0,0.006697
1243,74639.93,1782273636.0077,1782273636.0,0.00775
1244,74699.94,1782273696.0097,1782273696.0,0.009702
1245,74759.94,1782273756.0114,1782273756.0,0.011362
1246,74819.92,1782273815.9968,1782273816.0,-0.003155
1247,74879.92,1782273875.9981,1782273876.0,-0.00191
1248,74939.93,1782273935.9992,1782273936.0,-0.000846
1249,74999.93,1782273996.0008,1782273996.0,0.000764
1250,75059.93,1782274056.0022,1782274056.0,0.002211
1251,75119.93,1782274116.0039,1782274116.0,0.003892
1252,75179.93,1782274176.0052,1782274176.0,0.005218
1253,75239.93,1782274236.0067,1782274236.0,0.006714
1254,75299.93,1782274296.0081,1782274296.0,0.008108
1255,75359.94,1782274356.0089,1782274356.0,0.008918
1256,75419.94,1782274416.0111,1782274416.0,0.01112
1257,75479.92,1782274475.9962,1782274476.0,-0.003763
1258,75539.92,1782274535.9976,1782274536.0,-0.002443
1259,75599.93,1782274595.9986,1782274596.0,-0.00135
1260,75659.93,1782274656.0006,1782274656.0,0.000597
1261,75719.93,1782274716.0022,1782274716.0,0.00216
1262,75779.93,1782274776.0038,1782274776.0,0.003774
1263,75839.93,1782274836.0062,1782274836.0,0.006156
1264,75899.93,1782274896.0067,1782274896.0,0.00672
1265,75959.94,1782274956.0085,1782274956.0,0.008494
1266,76019.94,1782275016.0096,1782275016.0,0.009589
1267,76079.94,1782275076.012,1782275076.0,0.012044
1268,76139.92,1782275135.9961,1782275136.0,-0.003882
1269,76199.92,1782275195.998,1782275196.0,-0.001981
1270,76259.93,1782275255.9988,1782275256.0,-0.001209
1271,76319.93,1782275316.0006,1782275316.0,0.000553
1272,76379.93,1782275376.0021,1782275376.0,0.002133
1273,76439.93,1782275436.0037,1782275436.0,0.003725
1274,76499.93,1782275496.0048,1782275496.0,0.004825
1275,76559.93,1782275556.0067,1782275556.0,0.006727
1276,76619.93,1782275616.0082,1782275616.0,0.008201
1277,76679.94,1782275676.0097,1782275676.0,0.009665
1278,76739.94,1782275736.0123,1782275736.0,0.0123
1279,76799.92,1782275795.9959,1782275796.0,-0.004092
1280,76859.92,1782275855.9976,1782275856.0,-0.002367
1281,76919.93,1782275915.9987,1782275916.0,-0.001307
1282,76979.93,1782275976.0011,1782275976.0,0.001102
1283,77039.93,1782276036.0024,1782276036.0,0.002354
1284,77099.93,1782276096.0034,1782276096.0,0.003435
1285,77159.93,1782276156.0053,1782276156.0,0.005313
1286,77219.93,1782276216.0064,1782276216.0,0.006433
1287,77279.94,1782276276.0086,1782276276.0,0.00857
1288,77339.94,1782276336.01,1782276336.0,0.009984
1289,77399.94,1782276396.0114,1782276396.0,0.011435
1290,77459.92,1782276455.9959,1782276456.0,-0.004107
1291,77519.92,1782276515.9973,1782276516.0,-0.002688
1292,77579.93,1782276575.9994,1782276576.0,-0.000586
1293,77639.93,1782276636.0003,1782276636.0,0.000285
1294,77699.93,1782276696.002,1782276696.0,0.002013
1295,77759.93,1782276756.0033,1782276756.0,0.003315
1296,77819.93,1782276816.005,1782276816.0,0.004988
1297,77879.93,1782276876.0069,1782276876.0,0.006867
1298,77939.93,1782276936.008,1782276936.0,0.008004
1299,77999.94,1782276996.01,1782276996.0,0.010002
1300,78059.94,1782277056.0114,1782277056.0,0.011399
1301,78119.92,1782277115.9968,1782277116.0,-0.003228
1302,78179.92,1782277175.9974,1782277176.0,-0.00262
1303,78239.93,1782277235.999,1782277236.0,-0.001045
1304,78299.93,1782277296.0004,1782277296.0,0.000412
1305,78359.93,1782277356.0033,1782277356.0,0.003317
1306,78419.93,1782277416.0035,1782277416.0,0.003502
1307,78479.93,1782277476.0055,1782277476.0,0.005461
1308,78539.93,1782277536.007,1782277536.0,0.006955
1309,78599.94,1782277596.0086,1782277596.0,0.008566
1310,78659.94,1782277656.0099,1782277656.0,0.009928
1311,78719.94,1782277716.0114,1782277716.0,0.011432
1312,78779.92,1782277775.9963,1782277776.0,-0.003673
1313,78839.93,1782277835.9986,1782277836.0,-0.001395
1314,78899.93,1782277895.9994,1782277896.0,-0.000617
1315,78959.93,1782277956.0009,1782277956.0,0.000864
1316,79019.93,1782278016.0023,1782278016.0,0.002344
1317,79079.93,1782278076.0048,1782278076.0,0.004791
1318,79139.93,1782278136.0054,1782278136.0,0.0054
1319,79199.93,1782278196.0079,1782278196.0,0.007915
1320,79259.94,1782278256.0091,1782278256.0,0.00908
1321,79319.94,1782278316.0108,1782278316.0,0.010761
1322,79379.94,1782278376.0112,1782278376.0,0.011172
1323,79439.92,1782278435.9963,1782278436.0,-0.003661
1324,79499.93,1782278495.9986,1782278496.0,-0.00139
1325,79559.93,1782278555.9996,1782278556.0,-0.000395
1326,79619.93,1782278616.0017,1782278616.0,0.001739
1327,79679.93,1782278676.0023,1782278676.0,0.002272
1328,79739.93,1782278736.0046,1782278736.0,0.004597
1329,79799.93,1782278796.0062,1782278796.0,0.006227
1330,79859.93,1782278856.0077,1782278856.0,0.00775
1331,79919.94,1782278916.0096,1782278916.0,0.009635
1332,79979.94,1782278976.0112,1782278976.0,0.0112
1333,80039.94,1782279036.0123,1782279036.0,0.012303
1334,80099.92,1782279095.9961,1782279096.0,-0.003943
1335,80159.93,1782279155.9987,1782279156.0,-0.00133
1336,80219.93,1782279216.0001,1782279216.0,0.000111
1337,80279.93,1782279276.0015,1782279276.0,0.001472
1338,80339.93,1782279336.0036,1782279336.0,0.003551
1339,80399.93,1782279396.004,1782279396.0,0.004018
1340,80459.93,1782279456.0056,1782279456.0,0.005572
1341,80519.93,1782279516.0081,1782279516.0,0.008094
1342,80579.94,1782279576.0086,1782279576.0,0.008589
1343,80639.94,1782279636.0102,1782279636.0,0.010163
1344,80699.94,1782279696.0116,1782279696.0,0.011553
1345,80759.92,1782279755.996,1782279756.0,-0.004034
1346,80819.92,1782279815.9978,1782279816.0,-0.002195
1347,80879.93,1782279875.9994,1782279876.0,-0.000555
1348,80939.93,1782279936.001,1782279936.0,0.000966
1349,80999.93,1782279996.0032,1782279996.0,0.003239
1350,81059.93,1782280056.005,1782280056.0,0.005008
1351,81119.93,1782280116.0055,1782280116.0,0.005471
1352,81179.93,1782280176.0071,1782280176.0,0.007062
1353,81239.94,1782280236.0095,1782280236.0,0.009468
1354,81299.94,1782280296.011,1782280296.0,0.010991
1355,81359.94,1782280356.0114,1782280356.0,0.011374
1356,81419.92,1782280415.9963,1782280416.0,-0.003749
1357,81479.93,1782280475.9988,1782280476.0,-0.001158
1358,81539.93,1782280535.9994,1782280536.0,-0.00061
1359,81599.93,1782280596.0005,1782280596.0,0.000507
1360,81659.93,1782280656.0033,1782280656.0,0.003314
1361,81719.93,1782280716.0047,1782280716.0,0.004736
1362,81779.93,1782280776.0051,1782280776.0,0.005064
1363,81839.93,1782280836.0069,1782280836.0,0.006939
1364,81899.93,1782280896.0082,1782280896.0,0.00821
1365,81959.94,1782280956.0107,1782280956.0,0.010723
1366,82019.94,1782281016.0116,1782281016.0,0.011619
1367,82079.92,1782281075.9972,1782281076.0,-0.002833
1368,82139.92,1782281135.9978,1782281136.0,-0.002192
1369,82199.93,1782281196.0002,1782281196.0,0.000192
1370,82259.93,1782281256.0008,1782281256.0,0.000835
1371,82319.93,1782281316.0022,1782281316.0,0.002232
1372,82379.93,1782281376.0036,1782281376.0,0.003597
1373,82439.93,1782281436.0063,1782281436.0,0.006253
1374,82499.93,1782281496.0067,1782281496.0,0.00672
1375,82559.94,1782281556.0084,1782281556.0,0.008373
1376,82619.94,1782281616.0102,1782281616.0,0.010157
1377,82679.94,1782281676.0118,1782281676.0,0.011796
1378,82739.92,1782281735.9972,1782281736.0,-0.002783
1379,82799.92,1782281795.9978,1782281796.0,-0.002162
1380,82859.93,1782281856.0004,1782281856.0,0.000355
1381,82919.93,1782281916.0017,1782281916.0,0.001695
1382,82979.93,1782281976.0023,1782281976.0,0.002298
1383,83039.93,1782282036.0037,1782282036.0,0.003655
1384,83099.93,1782282096.0047,1782282096.0,0.004743
1385,83159.93,1782282156.0062,1782282156.0,0.006238
1386,83219.93,1782282216.0082,1782282216.0,0.008174
1387,83279.94,1782282276.0098,1782282276.0,0.009838
1388,83339.94,1782282336.0105,1782282336.0,0.010486
1389,83399.92,1782282395.9962,1782282396.0,-0.00381
1390,83459.92,1782282455.9976,1782282456.0,-0.002356
1391,83519.93,1782282515.9991,1782282516.0,-0.000897
1392,83579.93,1782282576.0013,1782282576.0,0.001276
1393,83639.93,1782282636.0032,1782282636.0,0.003198
1394,83699.93,1782282696.0036,1782282696.0,0.003635
1395,83759.93,1782282756.0053,1782282756.0,0.005314
1396,83819.93,1782282816.0074,1782282816.0,0.00738
1397,83879.93,1782282876.0076,1782282876.0,0.007629
1398,83939.94,1782282936.0099,1782282936.0,0.009863
1399,83999.94,1782282996.0106,1782282996.0,0.010629
1400,84059.92,1782283055.9963,1782283056.0,-0.003711
1401,84119.92,1782283115.998,1782283116.0,-0.002003
1402,84179.93,1782283175.9991,1782283176.0,-0.000858
1403,84239.93,1782283236.0006,1782283236.0,0.000642
1404,84299.93,1782283296.0031,1782283296.0,0.003081
1405,84359.93,1782283356.0032,1782283356.0,0.003216
1406,84419.93,1782283416.0049,1782283416.0,0.004943
1407,84479.93,1782283476.0068,1782283476.0,0.006822
1408,84539.93,1782283536.0077,1782283536.0,0.007656
1409,84599.94,1782283596.0093,1782283596.0,0.009272
1410,84659.94,1782283656.0107,1782283656.0,0.010727
1411,84719.92,1782283715.9971,1782283716.0,-0.002896
1412,84779.93,1782283775.9986,1782283776.0,-0.00144
1413,84839.93,1782283835.9991,1782283836.0,-0.000945
1414,84899.93,1782283896.0006,1782283896.0,0.000628
1415,84959.93,1782283956.0025,1782283956.0,0.002458
1416,85019.93,1782284016.0046,1782284016.0,0.004609
1417,85079.93,1782284076.0054,1782284076.0,0.005384
1418,85139.93,1782284136.0067,1782284136.0,0.00667
1419,85199.93,1782284196.0075,1782284196.0,0.007525
1420,85259.94,1782284256.0091,1782284256.0,0.009084
1421,85319.94,1782284316.0109,1782284316.0,0.010889
1422,85379.92,1782284375.9976,1782284376.0,-0.002371
1423,85439.92,1782284435.9977,1782284436.0,-0.002286
1424,85499.93,1782284496.0003,1782284496.0,0.000298
1425,85559.93,1782284556.0007,1782284556.0,0.000705
1426,85619.93,1782284616.0022,1782284616.0,0.002167
1427,85679.93,1782284676.0038,1782284676.0,0.003752
1428,85739.93,1782284736.0061,1782284736.0,0.006082
1429,85799.93,1782284796.0068,1782284796.0,0.00677
1430,85859.93,1782284856.0082,1782284856.0,0.008237
1431,85919.94,1782284916.0099,1782284916.0,0.0099
1432,85979.94,1782284976.0119,1782284976.0,0.011862
1433,86039.92,1782285035.9972,1782285036.0,-0.002831
1434,86099.92,1782285095.998,1782285096.0,-0.001982
1435,86159.93,1782285155.9992,1782285156.0,-0.00078
1436,86219.93,1782285216.0017,1782285216.0,0.001745
1437,86279.93,1782285276.0021,1782285276.0,0.00212
1438,86339.93,1782285336.0047,1782285336.0,0.004749
1439,86399.93,1782285396.0062,1782285396.0,0.006247
1440,86459.93,1782285456.0077,1782285456.0,0.007705
1441,86519.93,1782285516.0081,1782285516.0,0.008104
1442,86579.94,1782285576.0092,1782285576.0,0.009221
1443,86639.94,1782285636.0114,1782285636.0,0.011433
1444,86699.92,1782285695.9972,1782285696.0,-0.002826
1445,86759.93,1782285755.9987,1782285756.0,-0.001306
1446,86819.93,1782285816.0002,1782285816.0,0.000244
1447,86879.93,1782285876.0017,1782285876.0,0.001708
1448,86939.93,1782285936.0033,1782285936.0,0.003281
1449,86999.93,1782285996.0039,1782285996.0,0.003924
1450,87059.93,1782286056.0052,1782286056.0,0.005208
1451,87119.93,1782286116.0074,1782286116.0,0.007426
1452,87179.94,1782286176.0091,1782286176.0,0.009093
1453,87239.94,1782286236.0096,1782286236.0,0.009605
1454,87299.94,1782286296.0114,1782286296.0,0.0114
1455,87359.92,1782286355.9972,1782286356.0,-0.002835
1456,87419.93,1782286415.9992,1782286416.0,-0.000828
1457,87479.93,1782286476.0001,1782286476.0,8.2e-05
1458,87539.93,1782286536.0014,1782286536.0,0.001426
1459,87599.93,1782286596.0031,1782286596.0,0.00307
1460,87659.93,1782286656.0035,1782286656.0,0.003519
1461,87719.93,1782286716.005,1782286716.0,0.005029
1462,87779.93,1782286776.0067,1782286776.0,0.006706
1463,87839.94,1782286836.009,1782286836.0,0.009022
1464,87899.94,1782286896.0095,1782286896.0,0.009472
1465,87959.94,1782286956.0112,1782286956.0,0.011228
1466,88019.92,1782287015.9977,1782287016.0,-0.002319
1467,88079.93,1782287075.9985,1782287076.0,-0.001478
1468,88139.93,1782287136.0001,1782287136.0,0.000141
1469,88199.93,1782287196.0022,1782287196.0,0.002222
1470,88259.93,1782287256.0034,1782287256.0,0.003396
1471,88319.93,1782287316.0046,1782287316.0,0.00464
1472,88379.93,1782287376.0062,1782287376.0,0.006235
1473,88439.93,1782287436.0076,1782287436.0,0.007628
1474,88499.94,1782287496.0093,1782287496.0,0.009256
1475,88559.94,1782287556.0112,1782287556.0,0.011219
1476,88619.94,1782287616.0127,1782287616.0,0.012696
1477,88679.92,1782287675.9977,1782287676.0,-0.002326
1478,88739.93,1782287735.999,1782287736.0,-0.000961
1479,88799.93,1782287796.0006,1782287796.0,0.000645
1480,88859.93,1782287856.0023,1782287856.0,0.002263
1481,88919.93,1782287916.0037,1782287916.0,0.003655
1482,88979.93,1782287976.0047,1782287976.0,0.004657
1483,89039.93,1782288036.0067,1782288036.0,0.006682
1484,89099.93,1782288096.0067,1782288096.0,0.006728
1485,89159.93,1782288156.0082,1782288156.0,0.008215
1486,89219.94,1782288216.0107,1782288216.0,0.010732
1487,89279.94,1782288276.0114,1782288276.0,0.011354
1488,89339.92,1782288335.9977,1782288336.0,-0.002302
1489,89399.93,1782288395.9994,1782288396.0,-0.000583
1490,89459.93,1782288456.0,1782288456.0,4.6e-05
1491,89519.93,1782288516.0009,1782288516.0,0.000855
1492,89579.93,1782288576.0037,1782288576.0,0.003684
1493,89639.93,1782288636.0039,1782288636.0,0.003859
1494,89699.93,1782288696.0061,1782288696.0,0.006142
1495,89759.93,1782288756.0068,1782288756.0,0.006772
1496,89819.93,1782288816.0083,1782288816.0,0.008314
1497,89879.94,1782288876.0096,1782288876.0,0.009631
1498,89939.94,1782288936.0115,1782288936.0,0.011515
1499,89999.93,1782288996.0007,1782288996.0,0.000664
1500,90059.93,1782289056.0021,1782289056.0,0.00213
1501,90119.93,1782289116.0036,1782289116.0,0.003636
1502,90179.93,1782289176.006,1782289176.0,0.005984
1503,90239.93,1782289236.0068,1782289236.0,0.006752
1504,90299.93,1782289296.0082,1782289296.0,0.008154
1505,90359.94,1782289356.0098,1782289356.0,0.009766
1506,90419.94,1782289416.0106,1782289416.0,0.010642
1507,90479.94,1782289476.0127,1782289476.0,0.012663
1508,90539.94,1782289536.0143,1782289536.0,0.014255
1509,90599.92,1782289595.9957,1782289596.0,-0.00431
1510,90659.93,1782289655.9986,1782289656.0,-0.00135
1511,90719.93,1782289715.9993,1782289716.0,-0.000725
1512,90779.93,1782289776.0009,1782289776.0,0.000854
1513,90839.93,1782289836.0023,1782289836.0,0.002333
1514,90899.93,1782289896.0031,1782289896.0,0.003146
1515,90959.93,1782289956.0053,1782289956.0,0.005283
1516,91019.93,1782290016.0062,1782290016.0,0.006181
1517,91079.93,1782290076.0077,1782290076.0,0.007729
1518,91139.94,1782290136.0088,1782290136.0,0.008805
1519,91199.94,1782290196.0107,1782290196.0,0.010723
1520,91259.92,1782290255.9956,1782290256.0,-0.004381
1521,91319.92,1782290315.998,1782290316.0,-0.001997
1522,91379.93,1782290375.9986,1782290376.0,-0.001382
1523,91439.93,1782290435.9995,1782290436.0,-0.000483
1524,91499.93,1782290496.0023,1782290496.0,0.002326
1525,91559.93,1782290556.0024,1782290556.0,0.002371
1526,91619.93,1782290616.0047,1782290616.0,0.004727
1527,91679.93,1782290676.0053,1782290676.0,0.005344
1528,91739.93,1782290736.0068,1782290736.0,0.00685
1529,91799.94,1782290796.0084,1782290796.0,0.008389
1530,91859.94,1782290856.0108,1782290856.0,0.010786
1531,91919.92,1782290915.9964,1782290916.0,-0.003592
1532,91979.92,1782290975.9978,1782290976.0,-0.002234
1533,92039.93,1782291035.9992,1782291036.0,-0.000833
1534,92099.93,1782291096.0,1782291096.0,1.7e-05
1535,92159.93,1782291156.0021,1782291156.0,0.002134
1536,92219.93,1782291216.0021,1782291216.0,0.002099
1537,92279.93,1782291276.0036,1782291276.0,0.003605
1538,92339.93,1782291336.0061,1782291336.0,0.006066
1539,92399.93,1782291396.0067,1782291396.0,0.006716
1540,92459.93,1782291456.0082,1782291456.0,0.008234
1541,92519.94,1782291516.0096,1782291516.0,0.009591
1542,92579.92,1782291575.9961,1782291576.0,-0.003934
1543,92639.92,1782291635.9976,1782291636.0,-0.002364
1544,92699.93,1782291695.9987,1782291696.0,-0.001336
1545,92759.93,1782291756.0,1782291756.0,-3.2e-05
1546,92819.93,1782291816.0022,1782291816.0,0.002182
1547,92879.93,1782291876.0032,1782291876.0,0.003219
1548,92939.93,1782291936.0038,1782291936.0,0.003795
1549,92999.93,1782291996.0061,1782291996.0,0.006059
1550,93059.93,1782292056.0065,1782292056.0,0.006543
1551,93119.93,1782292116.0081,1782292116.0,0.00806
1552,93179.94,1782292176.0099,1782292176.0,0.009906
1553,93239.92,1782292235.9968,1782292236.0,-0.003218
1554,93299.92,1782292295.9977,1782292296.0,-0.002287
1555,93359.93,1782292355.9992,1782292356.0,-0.000844
1556,93419.93,1782292416.0001,1782292416.0,0.000117
1557,93479.93,1782292476.0015,1782292476.0,0.001548
1558,93539.93,1782292536.0031,1782292536.0,0.00314
1559,93599.93,1782292596.0046,1782292596.0,0.004605
1560,93659.93,1782292656.0062,1782292656.0,0.00624
1561,93719.93,1782292716.0078,1782292716.0,0.007795
1562,93779.94,1782292776.0097,1782292776.0,0.009656
1563,93839.94,1782292836.0097,1782292836.0,0.009687
1564,93899.92,1782292895.9961,1782292896.0,-0.003916
1565,93959.92,1782292955.997,1782292956.0,-0.00301
1566,94019.93,1782293015.9991,1782293016.0,-0.000898
1567,94079.93,1782293076.0006,1782293076.0,0.000591
1568,94139.93,1782293136.0031,1782293136.0,0.003094
1569,94199.93,1782293196.0046,1782293196.0,0.004603
1570,94259.93,1782293256.0067,1782293256.0,0.006691
1571,94319.93,1782293316.0083,1782293316.0,0.008331
1572,94379.94,1782293376.0098,1782293376.0,0.009786
1573,94439.94,1782293436.0113,1782293436.0,0.01127
1574,94499.94,1782293496.0123,1782293496.0,0.012335
1575,94559.92,1782293555.9961,1782293556.0,-0.003853
1576,94619.92,1782293615.9978,1782293616.0,-0.002197
1577,94679.93,1782293675.9994,1782293676.0,-0.000628
1578,94739.93,1782293736.0016,1782293736.0,0.001645
1579,94799.93,1782293796.003,1782293796.0,0.002981
1580,94859.93,1782293856.0046,1782293856.0,0.004646
1581,94919.93,1782293916.0063,1782293916.0,0.006303
1582,94979.93,1782293976.0083,1782293976.0,0.008261
1583,95039.94,1782294036.0098,1782294036.0,0.009818
1584,95099.94,1782294096.0128,1782294096.0,0.012763
1585,95159.94,1782294156.0144,1782294156.0,0.014441
1586,95219.92,1782294215.9962,1782294216.0,-0.003774
1587,95279.92,1782294275.9977,1782294276.0,-0.002306
1588,95339.93,1782294336.0007,1782294336.0,0.000686
1589,95399.93,1782294396.0025,1782294396.0,0.00248
1590,95459.93,1782294456.0038,1782294456.0,0.003774
1591,95519.93,1782294516.0054,1782294516.0,0.005369
1592,95579.93,1782294576.0067,1782294576.0,0.006697
1593,95639.94,1782294636.0091,1782294636.0,0.009147
1594,95699.94,1782294696.0114,1782294696.0,0.011373
1595,95759.94,1782294756.0129,1782294756.0,0.012893
1596,95819.94,1782294816.0143,1782294816.0,0.014297
1597,95879.92,1782294875.9962,1782294876.0,-0.003784
1598,95939.93,1782294935.9988,1782294936.0,-0.001232
1599,95999.93,1782294996.0002,1782294996.0,0.000248
1600,96059.93,1782295056.0023,1782295056.0,0.002319
1601,96119.93,1782295116.0037,1782295116.0,0.003729
1602,96179.93,1782295176.0064,1782295176.0,0.00637
1603,96239.93,1782295236.0079,1782295236.0,0.007879
1604,96299.94,1782295296.0099,1782295296.0,0.009898
1605,96359.94,1782295356.0114,1782295356.0,0.01142
1606,96419.94,1782295416.0127,1782295416.0,0.012745
1607,96479.94,1782295476.0153,1782295476.0,0.015294
1608,96539.92,1782295535.9961,1782295536.0,-0.003909
1609,96599.93,1782295595.9986,1782295596.0,-0.001401
1610,96659.93,1782295656.0006,1782295656.0,0.000603
1611,96719.93,1782295716.0022,1782295716.0,0.002151
1612,96779.93,1782295776.0037,1782295776.0,0.00374
1613,96839.93,1782295836.0063,1782295836.0,0.006294
1614,96899.94,1782295896.0084,1782295896.0,0.008446
1615,96959.94,1782295956.0106,1782295956.0,0.010644
1616,97019.94,1782296016.0128,1782296016.0,0.012802
1617,97079.94,1782296076.0148,1782296076.0,0.014758
1618,97139.94,1782296136.0162,1782296136.0,0.016174
1619,97199.92,1782296195.9971,1782296196.0,-0.002887
1620,97259.93,1782296255.9991,1782296256.0,-0.00092
1621,97319.93,1782296316.0008,1782296316.0,0.000815
